Piece	i	m	measure	beat	label	normalized	type
K279-1 (C)	0	3.0	3.0	1.0	PAC	2.0	PAC
K279-1 (C)	1	5.0	5.0	1.0	PAC	4.0	PAC
K279-1 (C)	2	10.5	10.0	3.0	DEC	9.5	DEC
K279-1 (C)	3	12.5	12.0	3.0	PAC	11.5	PAC
K279-1 (C)	4	16.12	16.0	1.5	HC	15.12	HC
K279-1 (C)	5	24.0	24.0	1.0	HC.CON	23.0	HC
K279-1 (C)	6	31.0	31.0	1.0	PAC	30.0	PAC
K279-1 (C)	7	33.0	33.0	1.0	PAC	32.0	PAC
K279-1 (C)	8	35.0	35.0	1.0	PAC	34.0	PAC
K279-1 (C)	9	37.5	37.0	3.0	IAC	36.5	IAC
K279-1 (C)	10	51.5	51.0	3.0	HC.TEN	50.5	HC
K279-1 (C)	11	60.0	60.0	1.0	PAC	59.0	PAC
K279-1 (C)	12	62.0	62.0	1.0	PAC	61.0	PAC
K279-1 (C)	13	67.5	67.0	3.0	HC.CON	66.5	HC
K279-1 (C)	14	78.5	78.0	3.0	HC.CON	77.5	HC
K279-1 (C)	15	86.0	86.0	1.0	HC.SIM	85.0	HC
K279-1 (C)	16	92.0	92.0	1.0	PAC	91.0	PAC
K279-1 (C)	17	94.0	94.0	1.0	PAC	93.0	PAC
K279-1 (C)	18	96.0	96.0	1.0	PAC	95.0	PAC
K279-1 (C)	19	98.5	98.0	3.0	IAC	97.5	IAC
K279-2 (F)	0	4.0	4.0	1.0	DEC	4.05	DEC
K279-2 (F)	1	6.33	6.0	2.0	PAC	7.2	PAC
K279-2 (F)	2	10.0	10.0	1.0	HC.CON	12.16	HC
K279-2 (F)	3	17.0	17.0	1.0	DEC	21.62	DEC
K279-2 (F)	4	21.0	21.0	1.0	EVCAD	27.03	EVCAD
K279-2 (F)	5	26.0	26.0	1.0	PAC	33.78	PAC
K279-2 (F)	6	27.0	27.0	1.0	PAC	35.14	PAC
K279-2 (F)	7	28.67	28.0	3.0	PAC	37.39	PAC
K279-2 (F)	8	32.33	32.0	2.0	HC.PH	42.34	HC
K279-2 (F)	9	35.0	35.0	1.0	DEC	45.95	DEC
K279-2 (F)	10	37.0	37.0	1.0	DEC	48.65	DEC
K279-2 (F)	11	41.67	41.0	3.0	HC	54.96	HC
K279-2 (F)	12	46.0	46.0	1.0	DEC	60.81	DEC
K279-2 (F)	13	50.0	50.0	1.0	HC.TEN	66.22	HC
K279-2 (F)	14	57.0	57.0	1.0	DEC	75.68	DEC
K279-2 (F)	15	61.0	61.0	1.0	EVCAD	81.08	EVCAD
K279-2 (F)	16	68.0	68.0	1.0	PAC	90.54	PAC
K279-2 (F)	17	72.0	72.0	1.0	PAC	95.95	PAC
K279-2 (F)	18	73.0	73.0	1.0	PAC	97.3	PAC
K279-2 (F)	19	74.67	74.0	3.0	PAC	99.55	PAC
K279-3 (C)	0	4.0	4.0	1.0	HC.CON	1.9	HC
K279-3 (C)	1	10.0	10.0	1.0	PAC	5.7	PAC
K279-3 (C)	2	18.0	18.0	1.0	HC.CON	10.76	HC
K279-3 (C)	3	20.0	20.0	1.0	HC.SIM	12.03	HC
K279-3 (C)	4	22.0	22.0	1.0	HC.SIM	13.29	HC
K279-3 (C)	5	30.0	30.0	1.0	HC.CON	18.35	HC
K279-3 (C)	6	34.0	34.0	1.0	DEC	20.89	DEC
K279-3 (C)	7	38.0	38.0	1.0	PAC	23.42	PAC
K279-3 (C)	8	46.0	46.0	1.0	PAC	28.48	PAC
K279-3 (C)	9	50.0	50.0	1.0	PAC	31.01	PAC
K279-3 (C)	10	54.0	54.0	1.0	PAC	33.54	PAC
K279-3 (C)	11	70.0	70.0	1.0	HC.PH	43.67	HC
K279-3 (C)	12	72.0	72.0	1.0	HC.PH	44.94	HC
K279-3 (C)	13	90.0	90.0	1.0	HC.CON	56.33	HC
K279-3 (C)	14	96.0	96.0	1.0	PAC	60.13	PAC
K279-3 (C)	15	104.0	104.0	1.0	HC.CON	65.19	HC
K279-3 (C)	16	106.0	106.0	1.0	HC.SIM	66.46	HC
K279-3 (C)	17	108.0	108.0	1.0	HC.SIM	67.72	HC
K279-3 (C)	18	116.0	116.0	1.0	HC.CON	72.78	HC
K279-3 (C)	19	120.0	120.0	1.0	DEC	75.32	DEC
K279-3 (C)	20	124.0	124.0	1.0	PAC	77.85	PAC
K279-3 (C)	21	132.0	132.0	1.0	EVCAD	82.91	EVCAD
K279-3 (C)	22	147.0	147.0	1.0	PAC	92.41	PAC
K279-3 (C)	23	151.0	151.0	1.0	PAC	94.94	PAC
K279-3 (C)	24	155.0	155.0	1.0	PAC	97.47	PAC
K280-1 (F)	0	10.0	10.0	1.0	EVCAD	6.25	EVCAD
K280-1 (F)	1	13.0	13.0	1.0	PAC	8.33	PAC
K280-1 (F)	2	26.33	26.0	2.0	HC	17.59	HC
K280-1 (F)	3	43.0	43.0	1.0	PAC	29.17	PAC
K280-1 (F)	4	48.0	48.0	1.0	PAC	32.64	PAC
K280-1 (F)	5	54.0	54.0	1.0	PAC	36.81	PAC
K280-1 (F)	6	78.0	78.0	1.0	HC	53.47	HC
K280-1 (F)	7	92.0	92.0	1.0	EVCAD	63.19	EVCAD
K280-1 (F)	8	95.0	95.0	1.0	PAC	65.28	PAC
K280-1 (F)	9	108.33	108.0	2.0	HC	74.53	HC
K280-1 (F)	10	131.0	131.0	1.0	PAC	90.28	PAC
K280-1 (F)	11	136.0	136.0	1.0	PAC	93.75	PAC
K280-1 (F)	12	142.0	142.0	1.0	PAC	97.92	PAC
K280-2 (f)	0	8.5	8.0	4.0	PAC	12.5	PAC
K280-2 (f)	1	12.5	12.0	4.0	HC	19.17	HC
K280-2 (f)	2	19.0	19.0	1.0	DEC	30.0	DEC
K280-2 (f)	3	21.0	21.0	1.0	PAC	33.33	PAC
K280-2 (f)	4	22.5	22.0	4.0	PAC	35.83	PAC
K280-2 (f)	5	24.5	24.0	4.0	PAC	39.17	PAC
K280-2 (f)	6	32.0	32.0	1.0	HC	51.67	HC
K280-2 (f)	7	42.5	42.0	4.0	PAC	69.17	PAC
K280-2 (f)	8	46.5	46.0	4.0	HC.CON	75.83	HC
K280-2 (f)	9	53.0	53.0	1.0	EVCAD	86.67	EVCAD
K280-2 (f)	10	55.0	55.0	1.0	DEC	90.0	DEC
K280-2 (f)	11	57.0	57.0	1.0	PAC	93.33	PAC
K280-2 (f)	12	58.5	58.0	4.0	PAC	95.83	PAC
K280-2 (f)	13	60.5	60.0	4.0	PAC	99.17	PAC
K280-3 (F)	0	8.0	8.0	1.0	HC.CON	3.68	HC
K280-3 (F)	1	16.0	16.0	1.0	PAC	7.89	PAC
K280-3 (F)	2	32.0	32.0	1.0	HC.CON	16.32	HC
K280-3 (F)	3	49.67	49.0	3.0	HC.CON	25.62	HC
K280-3 (F)	4	62.0	62.0	1.0	PAC	32.11	PAC
K280-3 (F)	5	66.0	66.0	1.0	PAC	34.21	PAC
K280-3 (F)	6	72.0	72.0	1.0	PAC	37.37	PAC
K280-3 (F)	7	85.0	85.0	1.0	PAC	44.21	PAC
K280-3 (F)	8	103.0	103.0	1.0	HC.PH	53.68	HC
K280-3 (F)	9	115.0	115.0	1.0	HC.CON	60.0	HC
K280-3 (F)	10	123.0	123.0	1.0	PAC	64.21	PAC
K280-3 (F)	11	143.0	143.0	1.0	HC.CON	74.74	HC
K280-3 (F)	12	160.67	160.0	3.0	HC.CON	84.04	HC
K280-3 (F)	13	173.0	173.0	1.0	PAC	90.53	PAC
K280-3 (F)	14	177.0	177.0	1.0	PAC	92.63	PAC
K280-3 (F)	15	183.0	183.0	1.0	PAC	95.79	PAC
K281-1 (Bb)	0	4.12	4.0	1.5	IAC	2.86	IAC
K281-1 (Bb)	1	8.0	8.0	1.0	PAC	6.42	PAC
K281-1 (Bb)	2	16.0	16.0	1.0	HC.CON	13.76	HC
K281-1 (Bb)	3	30.0	30.0	1.0	PAC	26.61	PAC
K281-1 (Bb)	4	34.0	34.0	1.0	EVCAD	30.28	EVCAD
K281-1 (Bb)	5	36.0	36.0	1.0	EVCAD	32.11	EVCAD
K281-1 (Bb)	6	38.0	38.0	1.0	PAC	33.94	PAC
K281-1 (Bb)	7	48.0	48.0	1.0	PAC	43.12	PAC
K281-1 (Bb)	8	59.0	59.0	1.0	DEC	53.21	DEC
K281-1 (Bb)	9	61.0	61.0	1.0	PAC	55.05	PAC
K281-1 (Bb)	10	68.0	68.0	1.0	HC.TEN	61.47	HC
K281-1 (Bb)	11	73.12	73.0	1.5	IAC	66.17	IAC
K281-1 (Bb)	12	77.0	77.0	1.0	PAC	69.72	PAC
K281-1 (Bb)	13	85.0	85.0	1.0	HC.CON	77.06	HC
K281-1 (Bb)	14	99.0	99.0	1.0	PAC	89.91	PAC
K281-1 (Bb)	15	103.0	103.0	1.0	EVCAD	93.58	EVCAD
K281-1 (Bb)	16	105.0	105.0	1.0	EVCAD	95.41	EVCAD
K281-1 (Bb)	17	107.0	107.0	1.0	PAC	97.25	PAC
K281-2 (Eb)	0	8.0	8.0	1.0	IAC	6.6	IAC
K281-2 (Eb)	1	12.0	12.0	1.0	PAC	10.38	PAC
K281-2 (Eb)	2	14.0	14.0	1.0	PAC	12.26	PAC
K281-2 (Eb)	3	21.0	21.0	1.0	HC.CON	18.87	HC
K281-2 (Eb)	4	23.0	23.0	1.0	HC.CON	20.75	HC
K281-2 (Eb)	5	26.67	26.0	3.0	HC	24.22	HC
K281-2 (Eb)	6	35.0	35.0	1.0	DEC	32.08	DEC
K281-2 (Eb)	7	39.0	39.0	1.0	DEC	35.85	DEC
K281-2 (Eb)	8	41.0	41.0	1.0	DEC	37.74	DEC
K281-2 (Eb)	9	43.0	43.0	1.0	PAC	39.62	PAC
K281-2 (Eb)	10	55.33	55.0	2.0	HC.PH	51.25	HC
K281-2 (Eb)	11	66.0	66.0	1.0	IAC	61.32	IAC
K281-2 (Eb)	12	70.0	70.0	1.0	PAC	65.09	PAC
K281-2 (Eb)	13	72.0	72.0	1.0	PAC	66.98	PAC
K281-2 (Eb)	14	86.67	86.0	3.0	HC	80.82	HC
K281-2 (Eb)	15	95.0	95.0	1.0	DEC	88.68	DEC
K281-2 (Eb)	16	99.0	99.0	1.0	DEC	92.45	DEC
K281-2 (Eb)	17	101.0	101.0	1.0	DEC	94.34	DEC
K281-2 (Eb)	18	103.0	103.0	1.0	PAC	96.23	PAC
K281-3 (Bb)	0	4.25	4.0	2.0	HC.SIM	2.01	HC
K281-3 (Bb)	1	8.0	8.0	1.0	PAC	4.32	PAC
K281-3 (Bb)	2	10.0	10.0	1.0	HC.CON	5.56	HC
K281-3 (Bb)	3	12.0	12.0	1.0	PAC	6.79	PAC
K281-3 (Bb)	4	14.0	14.0	1.0	PAC	8.02	PAC
K281-3 (Bb)	5	16.0	16.0	1.0	PAC	9.26	PAC
K281-3 (Bb)	6	27.25	27.0	2.0	HC	16.2	HC
K281-3 (Bb)	7	39.0	39.0	1.0	PAC	23.46	PAC
K281-3 (Bb)	8	47.25	47.0	2.0	HC.SIM	28.55	HC
K281-3 (Bb)	9	51.0	51.0	1.0	PAC	30.86	PAC
K281-3 (Bb)	10	59.5	59.0	3.0	HC.PH	36.11	HC
K281-3 (Bb)	11	63.5	63.0	3.0	HC.PH	38.58	HC
K281-3 (Bb)	12	67.5	67.0	3.0	PAC	41.05	PAC
K281-3 (Bb)	13	69.5	69.0	3.0	HC.PH	42.28	HC
K281-3 (Bb)	14	75.25	75.0	2.0	HC.SIM	45.83	HC
K281-3 (Bb)	15	79.0	79.0	1.0	PAC	48.15	PAC
K281-3 (Bb)	16	81.0	81.0	1.0	HC.CON	49.38	HC
K281-3 (Bb)	17	83.0	83.0	1.0	PAC	50.62	PAC
K281-3 (Bb)	18	85.0	85.0	1.0	PAC	51.85	PAC
K281-3 (Bb)	19	87.0	87.0	1.0	PAC	53.09	PAC
K281-3 (Bb)	20	101.0	101.0	1.0	PAC	61.73	PAC
K281-3 (Bb)	21	109.25	109.0	2.0	HC	66.82	HC
K281-3 (Bb)	22	118.0	118.0	1.0	HC.TEN	72.22	HC
K281-3 (Bb)	23	123.0	123.0	1.0	HC.TEN	75.31	HC
K281-3 (Bb)	24	136.0	136.0	1.0	PAC	83.33	PAC
K281-3 (Bb)	25	146.25	146.0	2.0	HC.SIM	89.66	HC
K281-3 (Bb)	26	150.0	150.0	1.0	PAC	91.98	PAC
K281-3 (Bb)	27	152.0	152.0	1.0	HC.CON	93.21	HC
K281-3 (Bb)	28	154.0	154.0	1.0	PAC	94.44	PAC
K281-3 (Bb)	29	156.0	156.0	1.0	PAC	95.68	PAC
K281-3 (Bb)	30	158.0	158.0	1.0	PAC	96.91	PAC
K282-1 (Eb)	0	2.25	2.0	2.0	HC	3.47	HC
K282-1 (Eb)	1	4.0	4.0	1.0	IAC	8.33	IAC
K282-1 (Eb)	2	8.0	8.0	1.0	HC.CON	19.44	HC
K282-1 (Eb)	3	13.0	13.0	1.0	DEC	33.33	DEC
K282-1 (Eb)	4	15.0	15.0	1.0	PAC	38.89	PAC
K282-1 (Eb)	5	20.0	20.0	1.0	HC.PH	52.78	HC
K282-1 (Eb)	6	26.0	26.0	1.0	HC.CON	69.44	HC
K282-1 (Eb)	7	32.0	32.0	1.0	DEC	86.11	DEC
K282-1 (Eb)	8	33.0	33.0	1.0	PAC	88.89	PAC
K282-1 (Eb)	9	35.12	35.0	1.5	HC	94.78	HC
K282-1 (Eb)	10	36.75	36.0	4.0	PAC	99.31	PAC
K282-2 (Bb)	0	10.0	10.0	1.0	PAC	12.5	PAC
K282-2 (Bb)	1	18.33	18.0	2.0	HC	24.07	HC
K282-2 (Bb)	2	28.0	28.0	1.0	PAC	37.5	PAC
K282-2 (Bb)	3	32.0	32.0	1.0	PAC	43.06	PAC
K282-2 (Bb)	4	40.33	40.0	2.0	HC.CON	54.62	HC
K282-2 (Bb)	5	48.0	48.0	1.0	PAC	65.28	PAC
K282-2 (Bb)	6	55.0	55.0	1.0	HC.PH	75.0	HC
K282-2 (Bb)	7	64.33	64.0	2.0	HC.CON	87.96	HC
K282-2 (Bb)	8	72.0	72.0	1.0	PAC	98.61	PAC
K282-3 (Eb)	0	8.12	8.0	1.5	HC	6.98	HC
K282-3 (Eb)	1	15.12	15.0	1.5	HC	13.84	HC
K282-3 (Eb)	2	23.0	23.0	1.0	PAC	21.57	PAC
K282-3 (Eb)	3	31.0	31.0	1.0	DEC	29.41	DEC
K282-3 (Eb)	4	35.0	35.0	1.0	PAC	33.33	PAC
K282-3 (Eb)	5	39.0	39.0	1.0	PAC	37.25	PAC
K282-3 (Eb)	6	59.25	59.0	2.0	HC.PH	57.11	HC
K282-3 (Eb)	7	69.12	69.0	1.5	HC	66.78	HC
K282-3 (Eb)	8	76.12	76.0	1.5	HC	73.65	HC
K282-3 (Eb)	9	84.0	84.0	1.0	PAC	81.37	PAC
K282-3 (Eb)	10	88.25	88.0	2.0	DEC	85.54	DEC
K282-3 (Eb)	11	92.0	92.0	1.0	DEC	89.22	DEC
K282-3 (Eb)	12	96.0	96.0	1.0	PAC	93.14	PAC
K282-3 (Eb)	13	98.0	98.0	1.0	DEC	95.1	DEC
K282-3 (Eb)	14	100.0	100.0	1.0	PAC	97.06	PAC
K283-1 (G)	0	10.0	10	1.0	PAC	7.5	PAC
K283-1 (G)	1	16.0	16	1.0	PAC	12.5	PAC
K283-1 (G)	2	22.0	22	1.0	HC	17.5	HC
K283-1 (G)	3	26.67	26	3.0	HC	21.39	HC
K283-1 (G)	4	30.67	30	3.0	HC	24.73	HC
K283-1 (G)	5	38.0	38	1.0	PAC	30.83	PAC
K283-1 (G)	6	43.0	43	1.0	PAC	35.0	PAC
K283-1 (G)	7	48.0	48	1.0	EVCAD.MEL	39.17	EVCAD
K283-1 (G)	8	51.0	51	1.0	PAC	41.67	PAC
K283-1 (G)	9	62.0	62	1.0	PAC	50.83	PAC
K283-1 (G)	10	89.0	89	1.0	HC	73.33	HC
K283-1 (G)	11	93.67	93	3.0	HC	77.22	HC
K283-1 (G)	12	97.67	97	3.0	HC	80.56	HC
K283-1 (G)	13	105.0	105	1.0	PAC	86.67	PAC
K283-1 (G)	14	110.0	110	1.0	PAC	90.83	PAC
K283-1 (G)	15	115.0	115	1.0	EVCAD.MEL	95.0	EVCAD
K283-1 (G)	16	118.0	118	1.0	PAC	97.5	PAC
K283-2 (C)	0	4.75	4	4.0	PAC	9.62	PAC
K283-2 (C)	1	8.75	8	4.0	HC	19.87	HC
K283-2 (C)	2	14.0	14	1.0	PAC	33.33	PAC
K283-2 (C)	3	22.0	22	1.0	HC	53.85	HC
K283-2 (C)	4	22.0	22	1.0	HC.PH	53.85	HC
K283-2 (C)	5	31.75	31	4.0	HC	78.85	HC
K283-2 (C)	6	37.0	37	1.0	PAC	92.31	PAC
K283-2 (C)	7	39.75	39	4.0	PAC	99.36	PAC
K283-3 (G)	0	24.0	24	1.0	EVCAD.MEL	8.3	EVCAD
K283-3 (G)	1	39.0	39	1.0	HC	13.72	HC
K283-3 (G)	2	73.0	73	1.0	PAC	25.99	PAC
K283-3 (G)	3	81.0	81	1.0	PAC	28.88	PAC
K283-3 (G)	4	97.0	97	1.0	PAC	34.66	PAC
K283-3 (G)	5	101.0	101	1.0	PAC	36.1	PAC
K283-3 (G)	6	123.0	123	1.0	HC.PH	44.04	HC
K283-3 (G)	7	138.0	138	1.0	PAC	49.46	PAC
K283-3 (G)	8	142.0	142	1.0	PAC	50.9	PAC
K283-3 (G)	9	152.0	152	1.0	DEC	54.51	DEC
K283-3 (G)	10	160.0	160	1.0	HC	57.4	HC
K283-3 (G)	11	168.0	168	1.0	HC.PH	60.29	HC
K283-3 (G)	12	195.0	195	1.0	EVCAD.MEL	70.04	EVCAD
K283-3 (G)	13	210.0	210	1.0	HC	75.45	HC
K283-3 (G)	14	244.0	244	1.0	PAC	87.73	PAC
K283-3 (G)	15	252.0	252	1.0	PAC	90.61	PAC
K283-3 (G)	16	268.0	268	1.0	PAC	96.39	PAC
K283-3 (G)	17	272.0	272	1.0	PAC	97.83	PAC
K284-1 (D)	0	17.0	17.0	1.0	HC.PH	12.6	HC
K284-1 (D)	1	34.0	34.0	1.0	HC.PH	25.98	HC
K284-1 (D)	2	41.0	41.0	1.0	EVCAD	31.5	EVCAD
K284-1 (D)	3	44.0	44.0	1.0	PAC	33.86	PAC
K284-1 (D)	4	50.0	50.0	1.0	PAC	38.58	PAC
K284-1 (D)	5	70.0	70.0	1.0	HC.CON	54.33	HC
K284-1 (D)	6	88.0	88.0	1.0	HC.PH	68.5	HC
K284-1 (D)	7	106.0	106.0	1.0	HC.PH	82.68	HC
K284-1 (D)	8	113.0	113.0	1.0	EVCAD	88.19	EVCAD
K284-1 (D)	9	116.0	116.0	1.0	PAC	90.55	PAC
K284-1 (D)	10	120.0	120.0	1.0	PAC	93.7	PAC
K284-1 (D)	11	126.0	126.0	1.0	PAC	98.43	PAC
K284-2 (A)	0	8.67	8.0	3.0	HC	8.34	HC
K284-2 (A)	1	16.67	16.0	3.0	PAC	17.03	PAC
K284-2 (A)	2	25.0	25.0	1.0	DEC	26.09	DEC
K284-2 (A)	3	30.67	30.0	3.0	PAC	32.25	PAC
K284-2 (A)	4	38.67	38.0	3.0	HC	40.95	HC
K284-2 (A)	5	46.67	46.0	3.0	PAC	49.64	PAC
K284-2 (A)	6	52.0	52.0	1.0	HC.PH	55.43	HC
K284-2 (A)	7	61.0	61.0	1.0	DEC	65.22	DEC
K284-2 (A)	8	69.33	69.0	2.0	HC	74.27	HC
K284-2 (A)	9	76.0	76.0	1.0	EVCAD	81.52	EVCAD
K284-2 (A)	10	85.33	85.0	2.0	DEC	91.66	DEC
K284-2 (A)	11	87.33	87.0	2.0	DEC	93.84	DEC
K284-2 (A)	12	91.67	91.0	3.0	PAC	98.55	PAC
K284-3 (D)	0	4.25	4.0	2.0	HC	1.25	HC
K284-3 (D)	1	8.25	8.0	2.0	PAC	2.79	PAC
K284-3 (D)	2	12.5	12.0	3.0	HC.TEN	4.42	HC
K284-3 (D)	3	17.25	17.0	2.0	PAC	6.25	PAC
K284-3 (D)	4	21.25	21.0	2.0	HC	7.79	HC
K284-3 (D)	5	25.25	25.0	2.0	PAC	9.33	PAC
K284-3 (D)	6	29.25	29.0	2.0	HC.TEN	10.87	HC
K284-3 (D)	7	33.0	33.0	1.0	IAC	12.31	IAC
K284-3 (D)	8	34.25	34.0	2.0	PAC	12.79	PAC
K284-3 (D)	9	38.25	38.0	2.0	HC	14.33	HC
K284-3 (D)	10	42.0	42.0	1.0	PAC	15.77	PAC
K284-3 (D)	11	46.25	46.0	2.0	HC.TEN	17.4	HC
K284-3 (D)	12	51.0	51.0	1.0	PAC	19.23	PAC
K284-3 (D)	13	55.25	55.0	2.0	HC	20.87	HC
K284-3 (D)	14	59.0	59.0	1.0	PAC	22.31	PAC
K284-3 (D)	15	63.25	63.0	2.0	HC.TEN	23.94	HC
K284-3 (D)	16	68.0	68.0	1.0	PAC	25.77	PAC
K284-3 (D)	17	72.25	72.0	2.0	HC	27.4	HC
K284-3 (D)	18	76.0	76.0	1.0	PAC	28.85	PAC
K284-3 (D)	19	80.0	80.0	1.0	HC.SIM	30.38	HC
K284-3 (D)	20	85.0	85.0	1.0	PAC	32.31	PAC
K284-3 (D)	21	89.25	89.0	2.0	HC	33.94	HC
K284-3 (D)	22	93.0	93.0	1.0	PAC	35.38	PAC
K284-3 (D)	23	97.25	97.0	2.0	HC.TEN	37.02	HC
K284-3 (D)	24	102.0	102.0	1.0	PAC	38.85	PAC
K284-3 (D)	25	106.25	106.0	2.0	HC	40.48	HC
K284-3 (D)	26	114.25	114.0	2.0	HC.CON	43.56	HC
K284-3 (D)	27	123.25	123.0	2.0	HC.PH	47.02	HC
K284-3 (D)	28	127.0	127.0	1.0	PAC	48.46	PAC
K284-3 (D)	29	136.0	136.0	1.0	PAC	51.92	PAC
K284-3 (D)	30	140.25	140.0	2.0	HC	53.56	HC
K284-3 (D)	31	144.0	144.0	1.0	PAC	55.0	PAC
K284-3 (D)	32	149.0	149.0	1.0	HC	56.92	HC
K284-3 (D)	33	153.0	153.0	1.0	PAC	58.46	PAC
K284-3 (D)	34	174.25	174.0	2.0	HC	66.63	HC
K284-3 (D)	35	178.0	178.0	1.0	PAC	68.08	PAC
K284-3 (D)	36	182.0	182.0	1.0	HC.CON	69.62	HC
K284-3 (D)	37	187.0	187.0	1.0	PAC	71.54	PAC
K284-3 (D)	38	191.25	191.0	2.0	HC	73.17	HC
K284-3 (D)	39	195.25	195.0	2.0	PAC	74.71	PAC
K284-3 (D)	40	199.25	199.0	2.0	HC	76.25	HC
K284-3 (D)	41	203.25	203.0	2.0	PAC	77.79	PAC
K284-3 (D)	42	211.0	211.0	1.0	IAC	80.77	IAC
K284-3 (D)	43	212.25	212.0	2.0	PAC	81.25	PAC
K284-3 (D)	44	220.0	220.0	1.0	IAC	84.23	IAC
K284-3 (D)	45	221.25	221.0	2.0	PAC	84.71	PAC
K284-3 (D)	46	225.33	225.0	2.0	HC	86.28	HC
K284-3 (D)	47	233.33	233.0	2.0	HC	89.36	HC
K284-3 (D)	48	237.0	237.0	1.0	PAC	90.77	PAC
K284-3 (D)	49	250.0	250.0	1.0	HC.PH	95.77	HC
K284-3 (D)	50	255.0	255.0	1.0	DEC	97.69	DEC
K284-3 (D)	51	257.0	257.0	1.0	DEC	98.46	DEC
K284-3 (D)	52	259.0	259.0	1.0	PAC	99.23	PAC
K309-1 (C)	0	8.0	8.0	1.0	PAC	4.52	PAC
K309-1 (C)	1	18.0	18.0	1.0	EVCAD	10.97	EVCAD
K309-1 (C)	2	21.0	21.0	1.0	PAC	12.9	PAC
K309-1 (C)	3	32.0	32.0	1.0	HC	20.0	HC
K309-1 (C)	4	38.5	38.0	3.0	HC	24.19	HC
K309-1 (C)	5	42.5	42.0	3.0	HC	26.77	HC
K309-1 (C)	6	46.0	46.0	1.0	EVCAD	29.03	EVCAD
K309-1 (C)	7	54.0	54.0	1.0	PAC	34.19	PAC
K309-1 (C)	8	58.0	58.0	1.0	PAC	36.77	PAC
K309-1 (C)	9	82.0	82.0	1.0	PAC	52.26	PAC
K309-1 (C)	10	86.0	86.0	1.0	PAC	54.84	PAC
K309-1 (C)	11	101.0	101.0	1.0	PAC	64.52	PAC
K309-1 (C)	12	108.12	108.0	1.5	HC	69.11	HC
K309-1 (C)	13	113.0	113.0	1.0	EVCAD	72.26	EVCAD
K309-1 (C)	14	116.0	116.0	1.0	PAC	74.19	PAC
K309-1 (C)	15	126.0	126.0	1.0	HC	80.65	HC
K309-1 (C)	16	132.5	132.0	3.0	HC.CON	84.84	HC
K309-1 (C)	17	136.5	136.0	3.0	HC.TEN	87.42	HC
K309-1 (C)	18	140.0	140.0	1.0	EVCAD	89.68	EVCAD
K309-1 (C)	19	148.0	148.0	1.0	PAC	94.84	PAC
K309-1 (C)	20	152.0	152.0	1.0	PAC	97.42	PAC
K309-2 (F)	0	4.33	4.0	2.0	IAC	4.22	IAC
K309-2 (F)	1	5.33	5.0	2.0	HC	5.48	HC
K309-2 (F)	2	8.33	8.0	2.0	HC	9.28	HC
K309-2 (F)	3	16.33	16.0	2.0	PAC	19.41	PAC
K309-2 (F)	4	24.33	24.0	2.0	HC	29.53	HC
K309-2 (F)	5	32.33	32.0	2.0	PAC	39.66	PAC
K309-2 (F)	6	40.0	40.0	1.0	PAC	49.37	PAC
K309-2 (F)	7	44.33	44.0	2.0	HC	54.85	HC
K309-2 (F)	8	49.33	49.0	2.0	HC	61.18	HC
K309-2 (F)	9	52.33	52.0	2.0	PAC	64.97	PAC
K309-2 (F)	10	60.0	60.0	1.0	PAC	74.68	PAC
K309-2 (F)	11	64.33	64.0	2.0	HC	80.16	HC
K309-2 (F)	12	68.0	68.0	1.0	IAC	84.81	IAC
K309-2 (F)	13	72.33	72.0	2.0	DEC	90.29	DEC
K309-2 (F)	14	73.33	73.0	2.0	HC	91.56	HC
K309-2 (F)	15	76.0	76.0	1.0	PAC	94.94	PAC
K309-3 (C)	0	8.25	8.0	2.0	HC	2.88	HC
K309-3 (C)	1	16.0	16.0	1.0	EVCAD.MEL	5.95	EVCAD
K309-3 (C)	2	19.0	19.0	1.0	PAC	7.14	PAC
K309-3 (C)	3	27.12	27.0	1.5	HC	10.37	HC
K309-3 (C)	4	39.0	39.0	1.0	HC.CON	15.08	HC
K309-3 (C)	5	65.0	65.0	1.0	DEC	25.4	DEC
K309-3 (C)	6	77.0	77.0	1.0	PAC	30.16	PAC
K309-3 (C)	7	81.0	81.0	1.0	PAC	31.75	PAC
K309-3 (C)	8	85.0	85.0	1.0	PAC	33.33	PAC
K309-3 (C)	9	100.25	100.0	2.0	HC	39.38	HC
K309-3 (C)	10	108.0	108.0	1.0	EVCAD.MEL	42.46	EVCAD
K309-3 (C)	11	111.0	111.0	1.0	PAC	43.65	PAC
K309-3 (C)	12	123.0	123.0	1.0	PAC	48.41	PAC
K309-3 (C)	13	126.0	126.0	1.0	PAC	49.6	PAC
K309-3 (C)	14	128.0	128.0	1.0	PAC	50.4	PAC
K309-3 (C)	15	131.0	131.0	1.0	PAC	51.59	PAC
K309-3 (C)	16	137.0	137.0	1.0	HC.CON	53.97	HC
K309-3 (C)	17	169.0	169.0	1.0	DEC	66.67	DEC
K309-3 (C)	18	185.0	185.0	1.0	HC.CON	73.02	HC
K309-3 (C)	19	196.25	196.0	2.0	HC	77.48	HC
K309-3 (C)	20	204.0	204.0	1.0	EVCAD.MEL	80.56	EVCAD
K309-3 (C)	21	206.0	206.0	1.0	DEC	81.35	DEC
K309-3 (C)	22	207.0	207.0	1.0	PAC	81.75	PAC
K309-3 (C)	23	217.0	217.0	1.0	PAC	85.71	PAC
K309-3 (C)	24	221.0	221.0	1.0	EVCAD	87.3	EVCAD
K309-3 (C)	25	234.0	234.0	1.0	PAC	92.46	PAC
K309-3 (C)	26	240.0	240.0	1.0	PAC	94.84	PAC
K310-1 (a)	0	9.0	9.0	1.0	EVCAD.MEL	6.02	EVCAD
K310-1 (a)	1	16.0	16.0	1.0	HC.CON	11.28	HC
K310-1 (a)	2	35.0	35.0	1.0	EVCAD.MEL	25.56	EVCAD
K310-1 (a)	3	40.0	40.0	1.0	EVCAD.MEL	29.32	EVCAD
K310-1 (a)	4	45.0	45.0	1.0	PAC	33.08	PAC
K310-1 (a)	5	47.0	47.0	1.0	IAC	34.59	IAC
K310-1 (a)	6	49.0	49.0	1.0	PAC	36.09	PAC
K310-1 (a)	7	58.0	58.0	1.0	HC.PH	42.86	HC
K310-1 (a)	8	74.0	74.0	1.0	HC.PH	54.89	HC
K310-1 (a)	9	78.0	78.0	1.0	HC	57.89	HC
K310-1 (a)	10	88.0	88.0	1.0	IAC	65.41	IAC
K310-1 (a)	11	97.0	97.0	1.0	HC	72.18	HC
K310-1 (a)	12	114.0	114.0	1.0	HC.CON	84.96	HC
K310-1 (a)	13	116.0	116.0	1.0	EVCAD.MEL	86.47	EVCAD
K310-1 (a)	14	121.0	121.0	1.0	EVCAD.MEL	90.23	EVCAD
K310-1 (a)	15	126.0	126.0	1.0	EVCAD	93.98	EVCAD
K310-1 (a)	16	129.0	129.0	1.0	PAC	96.24	PAC
K310-1 (a)	17	131.0	131.0	1.0	IAC	97.74	IAC
K310-1 (a)	18	133.0	133.0	1.0	PAC	99.25	PAC
K310-2 (F)	0	4.33	4.0	2.0	HC	3.87	HC
K310-2 (F)	1	8.0	8.0	1.0	PAC	8.14	PAC
K310-2 (F)	2	14.33	14.0	2.0	HC	15.5	HC
K310-2 (F)	3	22.0	22.0	1.0	EVCAD.MEL	24.42	EVCAD
K310-2 (F)	4	25.0	25.0	1.0	EVCAD.MEL	27.91	EVCAD
K310-2 (F)	5	29.0	29.0	1.0	PAC	32.56	PAC
K310-2 (F)	6	35.0	35.0	1.0	EVCAD	39.53	EVCAD
K310-2 (F)	7	37.0	37.0	1.0	PAC	41.86	PAC
K310-2 (F)	8	43.0	43.0	1.0	HC.PH	48.84	HC
K310-2 (F)	9	51.17	51.0	1.5	HC.CON	58.34	HC
K310-2 (F)	10	53.33	53.0	2.0	HC.PH	60.85	HC
K310-2 (F)	11	57.33	57.0	2.0	HC	65.5	HC
K310-2 (F)	12	61.0	61.0	1.0	PAC	69.77	PAC
K310-2 (F)	13	67.33	67.0	2.0	HC	77.13	HC
K310-2 (F)	14	77.0	77.0	1.0	EVCAD.MEL	88.37	EVCAD
K310-2 (F)	15	80.0	80.0	1.0	EVCAD.MEL	91.86	EVCAD
K310-2 (F)	16	84.0	84.0	1.0	PAC	96.51	PAC
K310-3 (a)	0	4.25	4.0	2.0	HC	1.29	HC
K310-3 (a)	1	8.0	8.0	1.0	HC	2.78	HC
K310-3 (a)	2	12.25	12.0	2.0	HC	4.46	HC
K310-3 (a)	3	16.0	16.0	1.0	DEC	5.95	DEC
K310-3 (a)	4	20.0	20.0	1.0	PAC	7.54	PAC
K310-3 (a)	5	28.25	28.0	2.0	HC	10.81	HC
K310-3 (a)	6	32.38	32.0	2.5	HC	12.45	HC
K310-3 (a)	7	44.25	44.0	2.0	DEC	17.16	DEC
K310-3 (a)	8	52.0	52.0	1.0	DEC	20.24	DEC
K310-3 (a)	9	56.0	56.0	1.0	DEC	21.83	DEC
K310-3 (a)	10	63.0	63.0	1.0	HC.CON	24.6	HC
K310-3 (a)	11	79.0	79.0	1.0	PAC	30.95	PAC
K310-3 (a)	12	87.0	87.0	1.0	EVCAD.MEL	34.13	EVCAD
K310-3 (a)	13	99.0	99.0	1.0	HC.CON	38.89	HC
K310-3 (a)	14	110.25	110.0	2.0	HC	43.35	HC
K310-3 (a)	15	114.0	114.0	1.0	HC	44.84	HC
K310-3 (a)	16	118.25	118.0	2.0	HC	46.53	HC
K310-3 (a)	17	122.0	122.0	1.0	DEC	48.02	DEC
K310-3 (a)	18	134.0	134.0	1.0	PAC	52.78	PAC
K310-3 (a)	19	142.0	142.0	1.0	PAC	55.95	PAC
K310-3 (a)	20	158.0	158.0	1.0	PAC	62.3	PAC
K310-3 (a)	21	174.0	174.0	1.0	PAC	68.65	PAC
K310-3 (a)	22	178.25	178.0	2.0	HC	70.34	HC
K310-3 (a)	23	182.0	182.0	1.0	HC	71.83	HC
K310-3 (a)	24	186.25	186.0	2.0	HC	73.51	HC
K310-3 (a)	25	190.0	190.0	1.0	DEC	75.0	DEC
K310-3 (a)	26	194.0	194.0	1.0	PAC	76.59	PAC
K310-3 (a)	27	218.0	218.0	1.0	PAC	86.11	PAC
K310-3 (a)	28	226.0	226.0	1.0	DEC	89.29	DEC
K310-3 (a)	29	233.0	233.0	1.0	EVCAD.MEL	92.06	EVCAD
K310-3 (a)	30	239.0	239.0	1.0	EVCAD.MEL	94.44	EVCAD
K310-3 (a)	31	245.0	245.0	1.0	PAC	96.83	PAC
K310-3 (a)	32	251.0	251.0	1.0	PAC	99.21	PAC
K311-1 (D)	0	4.0	4.0	1.0	IAC	2.68	IAC
K311-1 (D)	1	7.0	7.0	1.0	PAC	5.36	PAC
K311-1 (D)	2	13.0	13.0	1.0	HC.CON	10.71	HC
K311-1 (D)	3	20.5	20.0	3.0	HC	17.41	HC
K311-1 (D)	4	24.0	24.0	1.0	PAC	20.54	PAC
K311-1 (D)	5	32.0	32.0	1.0	PAC	27.68	PAC
K311-1 (D)	6	36.0	36.0	1.0	PAC	31.25	PAC
K311-1 (D)	7	39.5	39.0	3.0	PAC	34.38	PAC
K311-1 (D)	8	55.5	55.0	3.0	PAC	48.66	PAC
K311-1 (D)	9	62.0	62.0	1.0	PAC	54.46	PAC
K311-1 (D)	10	66.0	66.0	1.0	PAC	58.04	PAC
K311-1 (D)	11	75.0	75.0	1.0	HC.CON	66.07	HC
K311-1 (D)	12	82.5	82.0	3.0	HC	72.77	HC
K311-1 (D)	13	86.5	86.0	3.0	HC.PH	76.34	HC
K311-1 (D)	14	95.0	95.0	1.0	PAC	83.93	PAC
K311-1 (D)	15	99.0	99.0	1.0	PAC	87.5	PAC
K311-1 (D)	16	102.0	102.0	1.0	IAC	90.18	IAC
K311-1 (D)	17	105.0	105.0	1.0	DEC	92.86	DEC
K311-1 (D)	18	107.0	107.0	1.0	DEC	94.64	DEC
K311-1 (D)	19	109.0	109.0	1.0	PAC	96.43	PAC
K311-1 (D)	20	112.5	112.0	3.0	PAC	99.55	PAC
K311-2 (G)	0	4.25	4.0	2.0	HC	3.49	HC
K311-2 (G)	1	8.25	8.0	2.0	PAC	7.8	PAC
K311-2 (G)	2	10.0	10.0	1.0	EVCAD	9.68	EVCAD
K311-2 (G)	3	12.0	12.0	1.0	PAC	11.83	PAC
K311-2 (G)	4	16.0	16.0	1.0	HC	16.13	HC
K311-2 (G)	5	24.0	24.0	1.0	HC.CON	24.73	HC
K311-2 (G)	6	32.25	32.0	2.0	DEC	33.6	DEC
K311-2 (G)	7	38.0	38.0	1.0	PAC	39.78	PAC
K311-2 (G)	8	42.25	42.0	2.0	HC	44.35	HC
K311-2 (G)	9	46.25	46.0	2.0	PAC	48.66	PAC
K311-2 (G)	10	48.0	48.0	1.0	EVCAD	50.54	EVCAD
K311-2 (G)	11	50.0	50.0	1.0	PAC	52.69	PAC
K311-2 (G)	12	52.0	52.0	1.0	HC.PH	54.84	HC
K311-2 (G)	13	60.0	60.0	1.0	HC.CON	63.44	HC
K311-2 (G)	14	68.25	68.0	2.0	DEC	72.31	DEC
K311-2 (G)	15	74.0	74.0	1.0	PAC	78.49	PAC
K311-2 (G)	16	79.25	79.0	2.0	HC	84.14	HC
K311-2 (G)	17	82.25	82.0	2.0	PAC	87.37	PAC
K311-2 (G)	18	84.0	84.0	1.0	EVCAD	89.25	EVCAD
K311-2 (G)	19	86.0	86.0	1.0	PAC	91.4	PAC
K311-2 (G)	20	88.0	88.0	1.0	EVCAD	93.55	EVCAD
K311-2 (G)	21	90.0	90.0	1.0	PAC	95.7	PAC
K311-3 (D)	0	8.0	8.0	1.0	HC	2.6	HC
K311-3 (D)	1	16.0	16.0	1.0	PAC	5.58	PAC
K311-3 (D)	2	26.0	26.0	1.0	IAC	9.29	IAC
K311-3 (D)	3	40.0	40.0	1.0	HC	14.5	HC
K311-3 (D)	4	48.33	48.0	3.0	HC	17.59	HC
K311-3 (D)	5	56.0	56.0	1.0	PAC	20.45	PAC
K311-3 (D)	6	64.0	64.0	1.0	PAC	23.42	PAC
K311-3 (D)	7	75.0	75.0	1.0	PAC	27.51	PAC
K311-3 (D)	8	77.0	77.0	1.0	PAC	28.25	PAC
K311-3 (D)	9	79.0	79.0	1.0	PAC	29.0	PAC
K311-3 (D)	10	94.0	94.0	1.0	HC	34.57	HC
K311-3 (D)	11	102.0	102.0	1.0	PAC	37.55	PAC
K311-3 (D)	12	112.0	112.0	1.0	IAC	41.26	IAC
K311-3 (D)	13	114.0	114.0	1.0	IAC	42.01	IAC
K311-3 (D)	14	116.0	116.0	1.0	IAC	42.75	IAC
K311-3 (D)	15	118.0	118.0	1.0	HC.PH	43.49	HC
K311-3 (D)	16	126.0	126.0	1.0	HC	46.47	HC
K311-3 (D)	17	138.5	138.0	4.0	HC	51.12	HC
K311-3 (D)	18	145.0	145.0	1.0	HC	53.53	HC
K311-3 (D)	19	146.5	146.0	4.0	HC	54.09	HC
K311-3 (D)	20	154.0	154.0	1.0	PAC	56.88	PAC
K311-3 (D)	21	181.0	181.0	1.0	HC	66.91	HC
K311-3 (D)	22	189.0	189.0	1.0	PAC	69.89	PAC
K311-3 (D)	23	205.0	205.0	1.0	HC	75.84	HC
K311-3 (D)	24	213.5	213.0	4.0	HC	79.0	HC
K311-3 (D)	25	221.0	221.0	1.0	PAC	81.78	PAC
K311-3 (D)	26	229.0	229.0	1.0	PAC	84.76	PAC
K311-3 (D)	27	240.0	240.0	1.0	PAC	88.85	PAC
K311-3 (D)	28	242.0	242.0	1.0	PAC	89.59	PAC
K311-3 (D)	29	244.0	244.0	1.0	PAC	90.33	PAC
K311-3 (D)	30	256.0	256.0	1.0	PAC	94.8	PAC
K311-3 (D)	31	266.0	266.0	1.0	IAC	98.51	IAC
K311-3 (D)	32	268.0	268.0	1.0	PAC	99.26	PAC
K330-1 (C)	0	8.0	8.0	1.0	IAC	4.67	IAC
K330-1 (C)	1	12.0	12.0	1.0	PAC	7.33	PAC
K330-1 (C)	2	14.0	14.0	1.0	PAC	8.67	PAC
K330-1 (C)	3	16.0	16.0	1.0	PAC	10.0	PAC
K330-1 (C)	4	18.25	18.0	2.0	HC	11.5	HC
K330-1 (C)	5	31.25	31.0	2.0	DEC	20.17	DEC
K330-1 (C)	6	34.0	34.0	1.0	PAC	22.0	PAC
K330-1 (C)	7	38.0	38.0	1.0	HC.CON	24.67	HC
K330-1 (C)	8	42.0	42.0	1.0	PAC	27.33	PAC
K330-1 (C)	9	48.0	48.0	1.0	PAC	31.33	PAC
K330-1 (C)	10	54.0	54.0	1.0	PAC	35.33	PAC
K330-1 (C)	11	56.0	56.0	1.0	PAC	36.67	PAC
K330-1 (C)	12	58.0	58.0	1.0	PAC	38.0	PAC
K330-1 (C)	13	66.0	66.0	1.0	IAC	43.33	IAC
K330-1 (C)	14	79.0	79.0	1.0	HC.CON	52.0	HC
K330-1 (C)	15	83.0	83.0	1.0	HC	54.67	HC
K330-1 (C)	16	95.0	95.0	1.0	IAC	62.67	IAC
K330-1 (C)	17	99.0	99.0	1.0	PAC	65.33	PAC
K330-1 (C)	18	101.0	101.0	1.0	PAC	66.67	PAC
K330-1 (C)	19	103.0	103.0	1.0	PAC	68.0	PAC
K330-1 (C)	20	105.25	105.0	2.0	HC	69.5	HC
K330-1 (C)	21	118.25	118.0	2.0	DEC.CAD	78.17	DEC
K330-1 (C)	22	121.0	121.0	1.0	PAC	80.0	PAC
K330-1 (C)	23	125.0	125.0	1.0	HC.CON	82.67	HC
K330-1 (C)	24	129.0	129.0	1.0	PAC	85.33	PAC
K330-1 (C)	25	135.0	135.0	1.0	PAC	89.33	PAC
K330-1 (C)	26	141.0	141.0	1.0	PAC	93.33	PAC
K330-1 (C)	27	143.0	143.0	1.0	PAC	94.67	PAC
K330-1 (C)	28	145.0	145.0	1.0	PAC	96.0	PAC
K330-2 (F)	0	4.33	4.0	2.0	HC.TEN	5.2	HC
K330-2 (F)	1	8.0	8.0	1.0	PAC	10.94	PAC
K330-2 (F)	2	12.33	12.0	2.0	HC	17.7	HC
K330-2 (F)	3	17.33	17.0	2.0	HC	25.52	HC
K330-2 (F)	4	20.0	20.0	1.0	PAC	29.69	PAC
K330-2 (F)	5	28.0	28.0	1.0	PAC	42.19	PAC
K330-2 (F)	6	32.33	32.0	2.0	HC.CON	48.95	HC
K330-2 (F)	7	36.0	36.0	1.0	PAC	54.69	PAC
K330-2 (F)	8	44.33	44.0	2.0	HC	67.7	HC
K330-2 (F)	9	48.0	48.0	1.0	PAC	73.44	PAC
K330-2 (F)	10	52.33	52.0	2.0	HC	80.2	HC
K330-2 (F)	11	57.33	57.0	2.0	HC	88.02	HC
K330-2 (F)	12	60.0	60.0	1.0	PAC	92.19	PAC
K330-3 (C)	0	2.25	2.0	2.0	HC	0.73	HC
K330-3 (C)	1	4.25	4.0	2.0	HC	1.9	HC
K330-3 (C)	2	8.0	8.0	1.0	HC	4.09	HC
K330-3 (C)	3	10.25	10.0	2.0	HC	5.41	HC
K330-3 (C)	4	12.25	12.0	2.0	HC	6.58	HC
K330-3 (C)	5	16.0	16.0	1.0	PAC	8.77	PAC
K330-3 (C)	6	18.0	18.0	1.0	PAC	9.94	PAC
K330-3 (C)	7	20.0	20.0	1.0	PAC	11.11	PAC
K330-3 (C)	8	32.0	32.0	1.0	HC	18.13	HC
K330-3 (C)	9	35.0	35.0	1.0	IAC	19.88	IAC
K330-3 (C)	10	39.0	39.0	1.0	IAC	22.22	IAC
K330-3 (C)	11	47.0	47.0	1.0	EVCAD.MEL	26.9	EVCAD
K330-3 (C)	12	55.0	55.0	1.0	PAC	31.58	PAC
K330-3 (C)	13	61.0	61.0	1.0	PAC	35.09	PAC
K330-3 (C)	14	68.25	68.0	2.0	PAC	39.33	PAC
K330-3 (C)	15	76.25	76.0	2.0	PAC	44.01	PAC
K330-3 (C)	16	86.0	86.0	1.0	HC	49.71	HC
K330-3 (C)	17	92.0	92.0	1.0	HC.PH	53.22	HC
K330-3 (C)	18	97.25	97.0	2.0	HC	56.29	HC
K330-3 (C)	19	99.25	99.0	2.0	HC	57.46	HC
K330-3 (C)	20	103.0	103.0	1.0	HC	59.65	HC
K330-3 (C)	21	105.25	105.0	2.0	HC	60.96	HC
K330-3 (C)	22	107.25	107.0	2.0	HC	62.13	HC
K330-3 (C)	23	111.0	111.0	1.0	PAC	64.33	PAC
K330-3 (C)	24	113.0	113.0	1.0	PAC	65.5	PAC
K330-3 (C)	25	115.0	115.0	1.0	PAC	66.67	PAC
K330-3 (C)	26	131.0	131.0	1.0	HC.CON	76.02	HC
K330-3 (C)	27	134.0	134.0	1.0	IAC	77.78	IAC
K330-3 (C)	28	138.0	138.0	1.0	IAC	80.12	IAC
K330-3 (C)	29	142.0	142.0	1.0	IAC	82.46	IAC
K330-3 (C)	30	146.0	146.0	1.0	EVCAD.MEL	84.8	EVCAD
K330-3 (C)	31	154.0	154.0	1.0	PAC	89.47	PAC
K330-3 (C)	32	160.0	160.0	1.0	PAC	92.98	PAC
K330-3 (C)	33	169.25	169.0	2.0	DEC	98.39	DEC
K330-3 (C)	34	171.0	171.0	1.0	PAC	99.42	PAC
K331-1 (A)	0	4.83	4.0	6.0	HC	2.86	HC
K331-1 (A)	1	8.5	8.0	4.0	PAC	5.6	PAC
K331-1 (A)	2	12.83	12.0	6.0	HC	8.83	HC
K331-1 (A)	3	16.83	16.0	6.0	DEC	11.81	DEC
K331-1 (A)	4	18.5	18.0	4.0	PAC	13.06	PAC
K331-1 (A)	5	22.5	22.0	4.0	HC	16.04	HC
K331-1 (A)	6	26.5	26.0	4.0	PAC	19.03	PAC
K331-1 (A)	7	30.83	30.0	6.0	HC.TEN	22.26	HC
K331-1 (A)	8	34.83	34.0	6.0	DEC	25.25	DEC
K331-1 (A)	9	36.5	36.0	4.0	PAC	26.49	PAC
K331-1 (A)	10	40.83	40.0	6.0	HC	29.72	HC
K331-1 (A)	11	44.5	44.0	4.0	PAC	32.46	PAC
K331-1 (A)	12	48.83	48.0	6.0	HC	35.69	HC
K331-1 (A)	13	52.83	52.0	6.0	DEC	38.68	DEC
K331-1 (A)	14	54.5	54.0	4.0	PAC	39.93	PAC
K331-1 (A)	15	58.83	58.0	6.0	HC	43.16	HC
K331-1 (A)	16	62.5	62.0	4.0	PAC	45.9	PAC
K331-1 (A)	17	66.83	66.0	6.0	HC	49.13	HC
K331-1 (A)	18	70.5	70.0	4.0	PAC	51.87	PAC
K331-1 (A)	19	72.5	72.0	4.0	PAC	53.36	PAC
K331-1 (A)	20	76.5	76.0	4.0	HC	56.34	HC
K331-1 (A)	21	80.5	80.0	4.0	PAC	59.33	PAC
K331-1 (A)	22	84.83	84.0	6.0	HC	62.56	HC
K331-1 (A)	23	88.83	88.0	6.0	DEC	65.54	DEC
K331-1 (A)	24	90.5	90.0	4.0	PAC	66.79	PAC
K331-1 (A)	25	94.5	94.0	4.0	HC	69.78	HC
K331-1 (A)	26	98.67	98.0	5.0	PAC	72.89	PAC
K331-1 (A)	27	100.67	100.0	5.0	HC	74.38	HC
K331-1 (A)	28	102.67	102.0	5.0	HC	75.87	HC
K331-1 (A)	29	106.83	106.0	6.0	DEC	78.98	DEC
K331-1 (A)	30	108.83	108.0	6.0	PAC	80.47	PAC
K331-1 (A)	31	112.75	112.0	4.0	HC	83.4	HC
K331-1 (A)	32	116.5	116.0	3.0	PAC	86.19	PAC
K331-1 (A)	33	120.5	120.0	3.0	HC	89.18	HC
K331-1 (A)	34	124.75	124.0	4.0	DEC	92.35	DEC
K331-1 (A)	35	126.5	126.0	3.0	PAC	93.66	PAC
K331-1 (A)	36	132.5	132.0	3.0	PAC	98.13	PAC
K331-1 (A)	37	133.5	133.0	3.0	PAC	98.88	PAC
K331-1 (A)	38	134.5	134.0	3.0	PAC	99.63	PAC
K331-2 (A)	0	4.33	4.0	2.0	PAC	3.33	PAC
K331-2 (A)	1	10.33	10.0	2.0	PAC	9.33	PAC
K331-2 (A)	2	18.0	18.0	1.0	PAC	17.0	PAC
K331-2 (A)	3	30.0	30.0	1.0	HC.PH	29.0	HC
K331-2 (A)	4	34.33	34.0	2.0	PAC	33.33	PAC
K331-2 (A)	5	41.0	41.0	1.0	EVCAD.MEL	40.0	EVCAD
K331-2 (A)	6	48.0	48.0	1.0	PAC	47.0	PAC
K331-2 (A)	7	52.0	52.0	1.0	PAC	51.0	PAC
K331-2 (A)	8	56.0	56.0	1.0	HC	55.0	HC
K331-2 (A)	9	60.0	60.0	1.0	PAC	59.0	PAC
K331-2 (A)	10	63.0	63.0	1.0	PAC	62.0	PAC
K331-2 (A)	11	64.0	64.0	1.0	PAC	63.0	PAC
K331-2 (A)	12	80.0	80.0	1.0	HC	79.0	HC
K331-2 (A)	13	82.0	82.0	1.0	HC.PH	81.0	HC
K331-2 (A)	14	92.0	92.0	1.0	HC	91.0	HC
K331-2 (A)	15	96.0	96.0	1.0	IAC	95.0	IAC
K331-2 (A)	16	98.0	98.0	1.0	IAC	97.0	IAC
K331-2 (A)	17	99.0	99.0	1.0	PAC	98.0	PAC
K331-2 (A)	18	100.0	100.0	1.0	PAC	99.0	PAC
K331-3 (a)	0	8.0	8.0	1.0	PAC	5.51	PAC
K331-3 (a)	1	10.0	10.0	1.0	HC	7.09	HC
K331-3 (a)	2	12.0	12.0	1.0	HC	8.66	HC
K331-3 (a)	3	14.0	14.0	1.0	HC	10.24	HC
K331-3 (a)	4	16.0	16.0	1.0	HC	11.81	HC
K331-3 (a)	5	24.0	24.0	1.0	PAC	18.11	PAC
K331-3 (a)	6	28.0	28.0	1.0	HC.CON	21.26	HC
K331-3 (a)	7	32.0	32.0	1.0	PAC	24.41	PAC
K331-3 (a)	8	40.0	40.0	1.0	PAC	30.71	PAC
K331-3 (a)	9	44.0	44.0	1.0	HC	33.86	HC
K331-3 (a)	10	48.0	48.0	1.0	PAC	37.01	PAC
K331-3 (a)	11	56.0	56.0	1.0	PAC	43.31	PAC
K331-3 (a)	12	60.0	60.0	1.0	HC.CON	46.46	HC
K331-3 (a)	13	64.0	64.0	1.0	PAC	49.61	PAC
K331-3 (a)	14	72.0	72.0	1.0	PAC	55.91	PAC
K331-3 (a)	15	74.0	74.0	1.0	HC	57.48	HC
K331-3 (a)	16	76.0	76.0	1.0	HC	59.06	HC
K331-3 (a)	17	78.0	78.0	1.0	HC	60.63	HC
K331-3 (a)	18	80.0	80.0	1.0	HC	62.2	HC
K331-3 (a)	19	88.0	88.0	1.0	PAC	68.5	PAC
K331-3 (a)	20	92.0	92.0	1.0	HC.CON	71.65	HC
K331-3 (a)	21	96.0	96.0	1.0	PAC	74.8	PAC
K331-3 (a)	22	102.0	102.0	1.0	HC	79.53	HC
K331-3 (a)	23	109.0	109.0	1.0	PAC	85.04	PAC
K331-3 (a)	24	115.0	115.0	1.0	HC	89.76	HC
K331-3 (a)	25	122.0	122.0	1.0	PAC	95.28	PAC
K332-1 (F)	0	12.0	12.0	1.0	PAC	4.8	PAC
K332-1 (F)	1	16.33	16.0	2.0	IAC	6.69	IAC
K332-1 (F)	2	20.0	20.0	1.0	PAC	8.3	PAC
K332-1 (F)	3	37.0	37.0	1.0	HC.PH	15.72	HC
K332-1 (F)	4	44.67	44.0	3.0	IAC	19.07	IAC
K332-1 (F)	5	48.0	48.0	1.0	HC	20.52	HC
K332-1 (F)	6	52.67	52.0	3.0	IAC	22.56	IAC
K332-1 (F)	7	56.0	56.0	1.0	PAC	24.02	PAC
K332-1 (F)	8	67.0	67.0	1.0	HC	28.82	HC
K332-1 (F)	9	76.0	76.0	1.0	DEC	32.75	DEC
K332-1 (F)	10	82.0	82.0	1.0	EVCAD	35.37	EVCAD
K332-1 (F)	11	84.0	84.0	1.0	EVCAD	36.24	EVCAD
K332-1 (F)	12	86.0	86.0	1.0	PAC	37.12	PAC
K332-1 (F)	13	93.0	93.0	1.0	PAC	40.17	PAC
K332-1 (F)	14	95.67	95.0	3.0	HC	41.34	HC
K332-1 (F)	15	97.67	97.0	3.0	HC	42.21	HC
K332-1 (F)	16	101.0	101.0	1.0	PAC	43.67	PAC
K332-1 (F)	17	103.67	103.0	3.0	HC	44.83	HC
K332-1 (F)	18	105.67	105.0	3.0	HC	45.71	HC
K332-1 (F)	19	109.0	109.0	1.0	PAC	47.16	PAC
K332-1 (F)	20	123.0	123.0	1.0	HC.PH	53.28	HC
K332-1 (F)	21	144.0	144.0	1.0	PAC	62.45	PAC
K332-1 (F)	22	148.33	148.0	2.0	IAC	64.34	IAC
K332-1 (F)	23	152.0	152.0	1.0	PAC	65.94	PAC
K332-1 (F)	24	173.0	173.0	1.0	HC	75.11	HC
K332-1 (F)	25	180.67	180.0	3.0	IAC	78.46	IAC
K332-1 (F)	26	184.0	184.0	1.0	HC	79.91	HC
K332-1 (F)	27	188.67	188.0	3.0	IAC	81.95	IAC
K332-1 (F)	28	192.0	192.0	1.0	PAC	83.41	PAC
K332-1 (F)	29	203.0	203.0	1.0	HC	88.21	HC
K332-1 (F)	30	212.0	212.0	1.0	IAC	92.14	IAC
K332-1 (F)	31	218.0	218.0	1.0	EVCAD	94.76	EVCAD
K332-1 (F)	32	220.0	220.0	1.0	EVCAD	95.63	EVCAD
K332-1 (F)	33	222.0	222.0	1.0	PAC	96.51	PAC
K332-1 (F)	34	229.0	229.0	1.0	PAC	99.56	PAC
K332-2 (Bb)	0	4.75	4.0	4.0	HC	9.38	HC
K332-2 (Bb)	1	8.5	8.0	3.0	PAC	18.75	PAC
K332-2 (Bb)	2	12.5	12.0	3.0	IAC	28.75	IAC
K332-2 (Bb)	3	16.25	16.0	2.0	HC	38.12	HC
K332-2 (Bb)	4	19.0	19.0	1.0	PAC	45.0	PAC
K332-2 (Bb)	5	24.75	24.0	4.0	HC	59.38	HC
K332-2 (Bb)	6	28.5	28.0	3.0	PAC	68.75	PAC
K332-2 (Bb)	7	32.5	32.0	3.0	IAC	78.75	IAC
K332-2 (Bb)	8	36.25	36.0	2.0	HC	88.12	HC
K332-2 (Bb)	9	39.0	39.0	1.0	PAC	95.0	PAC
K332-2 (Bb)	10	40.75	40.0	4.0	PAC	99.38	PAC
K332-3 (F)	0	6.5	6.0	4.0	HC	2.24	HC
K332-3 (F)	1	14.5	14.0	4.0	PAC	5.51	PAC
K332-3 (F)	2	26.5	26.0	4.0	DEC	10.41	DEC
K332-3 (F)	3	32.0	32.0	1.0	PAC	12.65	PAC
K332-3 (F)	4	49.0	49.0	1.0	HC	19.59	HC
K332-3 (F)	5	57.5	57.0	4.0	HC	23.06	HC
K332-3 (F)	6	65.0	65.0	1.0	PAC	26.12	PAC
K332-3 (F)	7	74.0	74.0	1.0	PAC	29.8	PAC
K332-3 (F)	8	83.0	83.0	1.0	EVCAD	33.47	EVCAD
K332-3 (F)	9	85.0	85.0	1.0	PAC	34.29	PAC
K332-3 (F)	10	119.0	119.0	1.0	HC.CON	48.16	HC
K332-3 (F)	11	127.0	127.0	1.0	PAC	51.43	PAC
K332-3 (F)	12	139.0	139.0	1.0	HC.PH	56.33	HC
K332-3 (F)	13	153.5	153.0	4.0	HC	62.24	HC
K332-3 (F)	14	161.5	161.0	4.0	PAC	65.51	PAC
K332-3 (F)	15	173.0	173.0	1.0	HC.TEN	70.2	HC
K332-3 (F)	16	184.0	184.0	1.0	HC.CON	74.69	HC
K332-3 (F)	17	192.5	192.0	4.0	HC.PH	78.16	HC
K332-3 (F)	18	200.0	200.0	1.0	PAC	81.22	PAC
K332-3 (F)	19	210.0	210.0	1.0	PAC	85.31	PAC
K332-3 (F)	20	220.0	220.0	1.0	EVCAD	89.39	EVCAD
K332-3 (F)	21	222.0	222.0	1.0	PAC	90.2	PAC
K332-3 (F)	22	232.0	232.0	1.0	PAC	94.29	PAC
K332-3 (F)	23	236.5	236.0	4.0	DEC	96.12	DEC
K332-3 (F)	24	242.0	242.0	1.0	PAC	98.37	PAC
K333-1 (Bb)	0	4.25	4.0	2.0	IAC	1.97	IAC
K333-1 (Bb)	1	10.0	10.0	1.0	PAC	5.45	PAC
K333-1 (Bb)	2	18.0	18.0	1.0	HC.CON	10.3	HC
K333-1 (Bb)	3	20.0	20.0	1.0	HC	11.52	HC
K333-1 (Bb)	4	22.0	22.0	1.0	HC	12.73	HC
K333-1 (Bb)	5	30.0	30.0	1.0	HC	17.58	HC
K333-1 (Bb)	6	38.0	38.0	1.0	PAC	22.42	PAC
K333-1 (Bb)	7	46.0	46.0	1.0	PAC	27.27	PAC
K333-1 (Bb)	8	50.0	50.0	1.0	PAC	29.7	PAC
K333-1 (Bb)	9	54.0	54.0	1.0	PAC	32.12	PAC
K333-1 (Bb)	10	59.0	59.0	1.0	PAC	35.15	PAC
K333-1 (Bb)	11	63.5	63.0	3.0	PAC	37.88	PAC
K333-1 (Bb)	12	71.0	71.0	1.0	PAC	42.42	PAC
K333-1 (Bb)	13	81.0	81.0	1.0	HC.PH	48.48	HC
K333-1 (Bb)	14	83.0	83.0	1.0	HC.PH	49.7	HC
K333-1 (Bb)	15	85.0	85.0	1.0	HC.PH	50.91	HC
K333-1 (Bb)	16	97.25	97.0	2.0	IAC	58.33	IAC
K333-1 (Bb)	17	103.0	103.0	1.0	PAC	61.82	PAC
K333-1 (Bb)	18	114.0	114.0	1.0	HC.CON	68.48	HC
K333-1 (Bb)	19	116.0	116.0	1.0	HC	69.7	HC
K333-1 (Bb)	20	118.0	118.0	1.0	HC	70.91	HC
K333-1 (Bb)	21	126.0	126.0	1.0	HC.TEN	75.76	HC
K333-1 (Bb)	22	134.0	134.0	1.0	PAC	80.61	PAC
K333-1 (Bb)	23	142.0	142.0	1.0	PAC	85.45	PAC
K333-1 (Bb)	24	152.0	152.0	1.0	PAC	91.52	PAC
K333-1 (Bb)	25	156.0	156.0	1.0	PAC	93.94	PAC
K333-1 (Bb)	26	161.0	161.0	1.0	PAC	96.97	PAC
K333-1 (Bb)	27	165.5	165.0	3.0	PAC	99.7	PAC
K333-2 (Eb)	0	4.33	4.0	2.0	HC	4.06	HC
K333-2 (Eb)	1	6.67	6.0	3.0	DEC	6.91	DEC
K333-2 (Eb)	2	8.0	8.0	1.0	PAC	8.54	PAC
K333-2 (Eb)	3	13.33	13.0	2.0	HC.CON	15.04	HC
K333-2 (Eb)	4	21.0	21.0	1.0	PAC	24.39	PAC
K333-2 (Eb)	5	25.33	25.0	2.0	DEC	29.67	DEC
K333-2 (Eb)	6	29.0	29.0	1.0	PAC	34.15	PAC
K333-2 (Eb)	7	31.33	31.0	2.0	PAC	36.99	PAC
K333-2 (Eb)	8	35.33	35.0	2.0	PAC	41.87	PAC
K333-2 (Eb)	9	43.0	43.0	1.0	PAC	51.22	PAC
K333-2 (Eb)	10	48.0	48.0	1.0	HC.PH	57.32	HC
K333-2 (Eb)	11	54.33	54.0	2.0	HC	65.04	HC
K333-2 (Eb)	12	58.0	58.0	1.0	PAC	69.51	PAC
K333-2 (Eb)	13	63.33	63.0	2.0	HC.CON	76.01	HC
K333-2 (Eb)	14	71.0	71.0	1.0	PAC	85.37	PAC
K333-2 (Eb)	15	75.33	75.0	2.0	DEC	90.65	DEC
K333-2 (Eb)	16	79.0	79.0	1.0	PAC	95.12	PAC
K333-2 (Eb)	17	81.33	81.0	2.0	PAC	97.96	PAC
K333-2 (Eb)	18	82.67	82.0	3.0	PAC	99.6	PAC
K333-3 (Bb)	0	4.5	4.0	3.0	HC	1.56	HC
K333-3 (Bb)	1	8.0	8.0	1.0	PAC	3.12	PAC
K333-3 (Bb)	2	12.5	12.0	3.0	HC	5.13	HC
K333-3 (Bb)	3	16.0	16.0	1.0	PAC	6.7	PAC
K333-3 (Bb)	4	18.0	18.0	1.0	HC	7.59	HC
K333-3 (Bb)	5	20.0	20.0	1.0	IAC	8.48	IAC
K333-3 (Bb)	6	24.25	24.0	2.0	HC	10.38	HC
K333-3 (Bb)	7	32.0	32.0	1.0	DEC	13.84	DEC
K333-3 (Bb)	8	36.0	36.0	1.0	PAC	15.62	PAC
K333-3 (Bb)	9	44.5	44.0	3.0	HC	19.42	HC
K333-3 (Bb)	10	48.0	48.0	1.0	PAC	20.98	PAC
K333-3 (Bb)	11	52.5	52.0	3.0	HC	22.99	HC
K333-3 (Bb)	12	56.0	56.0	1.0	PAC	24.55	PAC
K333-3 (Bb)	13	58.0	58.0	1.0	HC	25.45	HC
K333-3 (Bb)	14	60.0	60.0	1.0	IAC	26.34	IAC
K333-3 (Bb)	15	64.0	64.0	1.0	HC.PH	28.12	HC
K333-3 (Bb)	16	72.0	72.0	1.0	HC.PH	31.7	HC
K333-3 (Bb)	17	76.0	76.0	1.0	PAC	33.48	PAC
K333-3 (Bb)	18	89.0	89.0	1.0	DEC	39.29	DEC
K333-3 (Bb)	19	90.75	90.0	4.0	HC	40.07	HC
K333-3 (Bb)	20	103.0	103.0	1.0	HC.PH	45.54	HC
K333-3 (Bb)	21	115.5	115.0	3.0	HC	51.12	HC
K333-3 (Bb)	22	119.0	119.0	1.0	PAC	52.68	PAC
K333-3 (Bb)	23	123.5	123.0	3.0	HC	54.69	HC
K333-3 (Bb)	24	127.0	127.0	1.0	PAC	56.25	PAC
K333-3 (Bb)	25	129.0	129.0	1.0	HC	57.14	HC
K333-3 (Bb)	26	131.0	131.0	1.0	IAC	58.04	IAC
K333-3 (Bb)	27	144.0	144.0	1.0	HC.CON	63.84	HC
K333-3 (Bb)	28	156.0	156.0	1.0	DEC	69.2	DEC
K333-3 (Bb)	29	164.0	164.0	1.0	PAC	72.77	PAC
K333-3 (Bb)	30	179.0	179.0	1.0	HC.PH	79.46	HC
K333-3 (Bb)	31	202.5	202.0	3.0	HC	89.96	HC
K333-3 (Bb)	32	206.0	206.0	1.0	EVCAD	91.52	EVCAD
K333-3 (Bb)	33	209.0	209.0	1.0	EVCAD	92.86	EVCAD
K333-3 (Bb)	34	213.0	213.0	1.0	PAC	94.64	PAC
K333-3 (Bb)	35	222.0	222.0	1.0	PAC	98.66	PAC
K333-3 (Bb)	36	223.0	223.0	1.0	PAC	99.11	PAC
K457-1 (c)	0	19.0	19	1.0	PAC	9.73	PAC
K457-1 (c)	1	30.25	30	2.0	HC.TEN	15.81	HC
K457-1 (c)	2	48.0	48	1.0	DEC	25.41	DEC
K457-1 (c)	3	59.0	59	1.0	PAC	31.35	PAC
K457-1 (c)	4	63.0	63	1.0	PAC	33.51	PAC
K457-1 (c)	5	67.0	67	1.0	PAC	35.68	PAC
K457-1 (c)	6	69.0	69	1.0	PAC	36.76	PAC
K457-1 (c)	7	71.0	71	1.0	PAC	37.84	PAC
K457-1 (c)	8	118.0	118	1.0	PAC	63.24	PAC
K457-1 (c)	9	126.25	126	2.0	HC.TEN	67.7	HC
K457-1 (c)	10	145.0	145	1.0	PAC	77.84	PAC
K457-1 (c)	11	156.0	156	1.0	PAC	83.78	PAC
K457-1 (c)	12	160.0	160	1.0	PAC	85.95	PAC
K457-1 (c)	13	164.0	164	1.0	PAC	88.11	PAC
K457-1 (c)	14	176.0	176	1.0	PAC	94.59	PAC
K457-1 (c)	15	179.0	179	1.0	PAC	96.22	PAC
K457-1 (c)	16	182.0	182	1.0	PAC	97.84	PAC
K457-2 (Eb)	0	3.75	3	4.0	HC	4.74	HC
K457-2 (Eb)	1	7.5	7	3.0	PAC	11.21	PAC
K457-2 (Eb)	2	9.75	9	4.0	HC	15.09	HC
K457-2 (Eb)	3	13.5	13	3.0	PAC	21.55	PAC
K457-2 (Eb)	4	19.75	19	4.0	HC	32.33	HC
K457-2 (Eb)	5	23.5	23	3.0	PAC	38.79	PAC
K457-2 (Eb)	6	38.0	38	1.0	HC.PH	63.79	HC
K457-2 (Eb)	7	43.75	43	4.0	HC	73.71	HC
K457-2 (Eb)	8	45.0	45	1.0	PAC	75.86	PAC
K457-2 (Eb)	9	47.5	47	3.0	PAC	80.17	PAC
K457-2 (Eb)	10	49.5	49	3.0	PAC	83.62	PAC
K457-2 (Eb)	11	54.0	54	1.0	PAC	91.38	PAC
K457-3 (c)	0	8.33	8	2.0	HC.TEN	2.3	HC
K457-3 (c)	1	16.0	16	1.0	PAC	4.7	PAC
K457-3 (c)	2	30.0	30	1.0	PAC	9.09	PAC
K457-3 (c)	3	44.0	44	1.0	PAC	13.48	PAC
K457-3 (c)	4	58.0	58	1.0	HC.PH	17.87	HC
K457-3 (c)	5	60.0	60	1.0	HC.PH	18.5	HC
K457-3 (c)	6	62.0	62	1.0	HC.PH	19.12	HC
K457-3 (c)	7	74.0	74	1.0	PAC	22.88	PAC
K457-3 (c)	8	82.0	82	1.0	PAC	25.39	PAC
K457-3 (c)	9	90.0	90	1.0	PAC	27.9	PAC
K457-3 (c)	10	111.33	111	2.0	HC.TEN	34.59	HC
K457-3 (c)	11	119.0	119	1.0	PAC	36.99	PAC
K457-3 (c)	12	133.0	133	1.0	PAC	41.38	PAC
K457-3 (c)	13	179.0	179	1.0	HC.PH	55.8	HC
K457-3 (c)	14	181.0	181	1.0	HC.PH	56.43	HC
K457-3 (c)	15	183.0	183	1.0	HC.PH	57.05	HC
K457-3 (c)	16	197.0	197	1.0	PAC	61.44	PAC
K457-3 (c)	17	205.0	205	1.0	PAC	63.95	PAC
K457-3 (c)	18	228.33	228	2.0	HC.TEN	71.26	HC
K457-3 (c)	19	248.0	248	1.0	PAC	77.43	PAC
K457-3 (c)	20	262.0	262	1.0	PAC	81.82	PAC
K457-3 (c)	21	287.0	287	1.0	PAC	89.66	PAC
K457-3 (c)	22	301.0	301	1.0	DEC	94.04	DEC
K457-3 (c)	23	309.0	309	1.0	PAC	96.55	PAC
K533/494-1 (F)	0	22.0	22.0	1.0	DEC	8.79	DEC
K533/494-1 (F)	1	41.0	41.0	1.0	HC.PH	16.74	HC
K533/494-1 (F)	2	45.25	45.0	2.0	HC	18.51	HC
K533/494-1 (F)	3	49.0	49.0	1.0	PAC	20.08	PAC
K533/494-1 (F)	4	53.25	53.0	2.0	HC	21.86	HC
K533/494-1 (F)	5	57.0	57.0	1.0	PAC	23.43	PAC
K533/494-1 (F)	6	65.0	65.0	1.0	HC.TEN	26.78	HC
K533/494-1 (F)	7	78.0	78.0	1.0	IAC	32.22	IAC
K533/494-1 (F)	8	82.0	82.0	1.0	DEC	33.89	DEC
K533/494-1 (F)	9	89.0	89.0	1.0	PAC	36.82	PAC
K533/494-1 (F)	10	92.0	92.0	1.0	PAC	38.08	PAC
K533/494-1 (F)	11	95.0	95.0	1.0	PAC	39.33	PAC
K533/494-1 (F)	12	97.0	97.0	1.0	PAC	40.17	PAC
K533/494-1 (F)	13	99.0	99.0	1.0	PAC	41.0	PAC
K533/494-1 (F)	14	116.0	116.0	1.0	HC.PH	48.12	HC
K533/494-1 (F)	15	168.0	168.0	1.0	HC.PH	69.87	HC
K533/494-1 (F)	16	172.25	172.0	2.0	HC	71.65	HC
K533/494-1 (F)	17	176.0	176.0	1.0	PAC	73.22	PAC
K533/494-1 (F)	18	180.25	180.0	2.0	HC	75.0	HC
K533/494-1 (F)	19	184.0	184.0	1.0	PAC	76.57	PAC
K533/494-1 (F)	20	211.0	211.0	1.0	IAC	87.87	IAC
K533/494-1 (F)	21	219.0	219.0	1.0	DEC	91.21	DEC
K533/494-1 (F)	22	226.0	226.0	1.0	PAC	94.14	PAC
K533/494-1 (F)	23	229.0	229.0	1.0	PAC	95.4	PAC
K533/494-1 (F)	24	232.0	232.0	1.0	PAC	96.65	PAC
K533/494-1 (F)	25	234.0	234.0	1.0	PAC	97.49	PAC
K533/494-1 (F)	26	236.0	236.0	1.0	PAC	98.33	PAC
K533/494-2 (Bb)	0	10.33	10.0	2.0	HC	7.65	HC
K533/494-2 (Bb)	1	22.33	22.0	2.0	HC	17.48	HC
K533/494-2 (Bb)	2	33.0	33.0	1.0	PAC	26.23	PAC
K533/494-2 (Bb)	3	42.0	42.0	1.0	EVCAD.MEL	33.61	EVCAD
K533/494-2 (Bb)	4	44.0	44.0	1.0	EVCAD.MEL	35.25	EVCAD
K533/494-2 (Bb)	5	46.33	46.0	2.0	PAC	37.16	PAC
K533/494-2 (Bb)	6	82.33	82.0	2.0	HC	66.66	HC
K533/494-2 (Bb)	7	90.33	90.0	2.0	HC	73.22	HC
K533/494-2 (Bb)	8	101.0	101.0	1.0	PAC	81.97	PAC
K533/494-2 (Bb)	9	110.0	110.0	1.0	EVCAD.MEL	89.34	EVCAD
K533/494-2 (Bb)	10	112.0	112.0	1.0	EVCAD.MEL	90.98	EVCAD
K533/494-2 (Bb)	11	114.0	114.0	1.0	PAC	92.62	PAC
K533/494-2 (Bb)	12	117.0	117.0	1.0	DEC	95.08	DEC
K533/494-2 (Bb)	13	120.0	120.0	1.0	PAC	97.54	PAC
K533/494-3 (F)	0	6.5	6.0	3.0	HC.CON	2.94	HC
K533/494-3 (F)	1	12.5	12.0	3.0	PAC	6.15	PAC
K533/494-3 (F)	2	18.5	18.0	3.0	HC	9.36	HC
K533/494-3 (F)	3	26.5	26.0	3.0	IAC	13.64	IAC
K533/494-3 (F)	4	30.0	30.0	1.0	PAC	15.51	PAC
K533/494-3 (F)	5	44.5	44.0	3.0	HC.CON	23.26	HC
K533/494-3 (F)	6	50.5	50.0	3.0	PAC	26.47	PAC
K533/494-3 (F)	7	58.0	58.0	1.0	HC.PH	30.48	HC
K533/494-3 (F)	8	67.0	67.0	1.0	PAC	35.29	PAC
K533/494-3 (F)	9	79.0	79.0	1.0	HC.PH	41.71	HC
K533/494-3 (F)	10	88.5	88.0	3.0	HC.CON	46.79	HC
K533/494-3 (F)	11	94.5	94.0	3.0	PAC	50.0	PAC
K533/494-3 (F)	12	98.5	98.0	3.0	IAC	52.14	IAC
K533/494-3 (F)	13	102.5	102.0	3.0	PAC	54.28	PAC
K533/494-3 (F)	14	108.5	108.0	3.0	HC	57.49	HC
K533/494-3 (F)	15	116.0	116.0	1.0	PAC	61.5	PAC
K533/494-3 (F)	16	125.5	125.0	3.0	HC.CON	66.58	HC
K533/494-3 (F)	17	131.5	131.0	3.0	PAC	69.79	PAC
K533/494-3 (F)	18	139.5	139.0	3.0	IAC	74.06	IAC
K533/494-3 (F)	19	143.0	143.0	1.0	DEC	75.94	DEC
K533/494-3 (F)	20	147.0	147.0	1.0	DEC	78.07	DEC
K533/494-3 (F)	21	152.0	152.0	1.0	HC.PH	80.75	HC
K533/494-3 (F)	22	170.0	170.0	1.0	PAC	90.37	PAC
K533/494-3 (F)	23	180.0	180.0	1.0	EVCAD	95.72	EVCAD
K533/494-3 (F)	24	184.0	184.0	1.0	PAC	97.86	PAC
K545-1 (C)	0	11.0	11.0	1.0	HC.CON	13.7	HC
K545-1 (C)	1	26.0	26.0	1.0	PAC	34.25	PAC
K545-1 (C)	2	42.0	42.0	1.0	PAC	56.16	PAC
K545-1 (C)	3	56.0	56.0	1.0	HC.CON	75.34	HC
K545-1 (C)	4	71.0	71.0	1.0	PAC	95.89	PAC
K545-2 (G)	0	8.33	8.0	2.0	HC	9.91	HC
K545-2 (G)	1	16.33	16.0	2.0	PAC	20.72	PAC
K545-2 (G)	2	24.33	24.0	2.0	PAC	31.53	PAC
K545-2 (G)	3	32.33	32.0	2.0	PAC	42.34	PAC
K545-2 (G)	4	40.33	40.0	2.0	PAC	53.15	PAC
K545-2 (G)	5	44.33	44.0	2.0	HC.PH	58.55	HC
K545-2 (G)	6	48.33	48.0	2.0	PAC	63.96	PAC
K545-2 (G)	7	56.33	56.0	2.0	HC	74.77	HC
K545-2 (G)	8	64.0	64.0	1.0	PAC	85.14	PAC
K545-2 (G)	9	68.0	68.0	1.0	PAC	90.54	PAC
K545-2 (G)	10	72.0	72.0	1.0	PAC	95.95	PAC
K545-3 (C)	0	4.0	4.0	1.0	HC	4.11	HC
K545-3 (C)	1	8.0	8.0	1.0	PAC	9.59	PAC
K545-3 (C)	2	12.0	12.0	1.0	HC.CON	15.07	HC
K545-3 (C)	3	16.0	16.0	1.0	PAC	20.55	PAC
K545-3 (C)	4	24.0	24.0	1.0	HC	31.51	HC
K545-3 (C)	5	28.0	28.0	1.0	PAC	36.99	PAC
K545-3 (C)	6	36.0	36.0	1.0	HC.PH	47.95	HC
K545-3 (C)	7	48.0	48.0	1.0	PAC	64.38	PAC
K545-3 (C)	8	56.0	56.0	1.0	HC	75.34	HC
K545-3 (C)	9	60.0	60.0	1.0	PAC	80.82	PAC
K545-3 (C)	10	64.0	64.0	1.0	PAC	86.3	PAC
K545-3 (C)	11	68.0	68.0	1.0	PAC	91.78	PAC
K545-3 (C)	12	70.0	70.0	1.0	PAC	94.52	PAC
K545-3 (C)	13	72.0	72.0	1.0	PAC	97.26	PAC
K570-1 (Bb)	0	20.0	20.0	1.0	PAC	9.09	PAC
K570-1 (Bb)	1	34.0	34.0	1.0	HC	15.79	HC
K570-1 (Bb)	2	37.0	37.0	1.0	HC	17.22	HC
K570-1 (Bb)	3	39.0	39.0	1.0	HC	18.18	HC
K570-1 (Bb)	4	57.0	57.0	1.0	PAC	26.79	PAC
K570-1 (Bb)	5	65.0	65.0	1.0	EVCAD	30.62	EVCAD
K570-1 (Bb)	6	69.0	69.0	1.0	PAC	32.54	PAC
K570-1 (Bb)	7	73.0	73.0	1.0	PAC	34.45	PAC
K570-1 (Bb)	8	77.0	77.0	1.0	PAC	36.36	PAC
K570-1 (Bb)	9	90.0	90.0	1.0	HC	42.58	HC
K570-1 (Bb)	10	95.0	95.0	1.0	HC.PH	44.98	HC
K570-1 (Bb)	11	97.0	97.0	1.0	HC	45.93	HC
K570-1 (Bb)	12	99.0	99.0	1.0	HC	46.89	HC
K570-1 (Bb)	13	127.0	127.0	1.0	HC	60.29	HC
K570-1 (Bb)	14	129.0	129.0	1.0	HC	61.24	HC
K570-1 (Bb)	15	152.0	152.0	1.0	PAC	72.25	PAC
K570-1 (Bb)	16	167.0	167.0	1.0	HC	79.43	HC
K570-1 (Bb)	17	169.0	169.0	1.0	HC	80.38	HC
K570-1 (Bb)	18	187.0	187.0	1.0	PAC	89.0	PAC
K570-1 (Bb)	19	195.0	195.0	1.0	EVCAD	92.82	EVCAD
K570-1 (Bb)	20	199.0	199.0	1.0	PAC	94.74	PAC
K570-1 (Bb)	21	203.0	203.0	1.0	PAC	96.65	PAC
K570-1 (Bb)	22	207.0	207.0	1.0	PAC	98.56	PAC
K570-2 (Eb)	0	2.75	2.0	4.0	HC	3.18	HC
K570-2 (Eb)	1	4.75	4.0	4.0	PAC	6.82	PAC
K570-2 (Eb)	2	8.75	8.0	4.0	HC	14.09	HC
K570-2 (Eb)	3	10.75	10.0	4.0	HC	17.73	HC
K570-2 (Eb)	4	12.75	12.0	4.0	PAC	21.36	PAC
K570-2 (Eb)	5	14.75	14.0	4.0	HC	25.0	HC
K570-2 (Eb)	6	16.5	16.0	3.0	PAC	28.18	PAC
K570-2 (Eb)	7	20.75	20.0	4.0	HC	35.91	HC
K570-2 (Eb)	8	22.75	22.0	4.0	HC	39.55	HC
K570-2 (Eb)	9	24.5	24.0	3.0	PAC	42.73	PAC
K570-2 (Eb)	10	29.75	29.0	4.0	HC	52.27	HC
K570-2 (Eb)	11	31.75	31.0	4.0	PAC	55.91	PAC
K570-2 (Eb)	12	35.5	35.0	3.0	PAC	62.73	PAC
K570-2 (Eb)	13	37.75	37.0	4.0	HC	66.82	HC
K570-2 (Eb)	14	39.75	39.0	4.0	PAC	70.45	PAC
K570-2 (Eb)	15	41.5	41.0	3.0	HC.TEN	73.64	HC
K570-2 (Eb)	16	45.75	45.0	4.0	HC	81.36	HC
K570-2 (Eb)	17	47.75	47.0	4.0	PAC	85.0	PAC
K570-2 (Eb)	18	51.75	51.0	4.0	DEC	92.27	DEC
K570-2 (Eb)	19	53.5	53.0	3.0	PAC	95.45	PAC
K570-3 (Bb)	0	4.75	4.0	4.0	HC	4.21	HC
K570-3 (Bb)	1	8.5	8.0	3.0	PAC	8.43	PAC
K570-3 (Bb)	2	10.5	10.0	3.0	HC.CON	10.67	HC
K570-3 (Bb)	3	18.75	18.0	4.0	HC	19.94	HC
K570-3 (Bb)	4	22.5	22.0	3.0	PAC	24.16	PAC
K570-3 (Bb)	5	30.75	30.0	4.0	PAC	33.43	PAC
K570-3 (Bb)	6	34.75	34.0	4.0	HC.TEN	37.92	HC
K570-3 (Bb)	7	42.75	42.0	4.0	PAC	46.91	PAC
K570-3 (Bb)	8	48.5	48.0	3.0	PAC	53.37	PAC
K570-3 (Bb)	9	52.0	52.0	1.0	HC	57.3	HC
K570-3 (Bb)	10	56.5	56.0	3.0	PAC	62.36	PAC
K570-3 (Bb)	11	66.75	66.0	4.0	HC	73.88	HC
K570-3 (Bb)	12	70.5	70.0	3.0	PAC	78.09	PAC
K570-3 (Bb)	13	78.75	78.0	4.0	DEC	87.36	DEC
K570-3 (Bb)	14	85.0	85.0	1.0	PAC	94.38	PAC
K576-1 (D)	0	4.5	4.0	4.0	HC	2.19	HC
K576-1 (D)	1	8.5	8.0	4.0	PAC	4.69	PAC
K576-1 (D)	2	12.5	12.0	4.0	HC	7.19	HC
K576-1 (D)	3	16.0	16.0	1.0	PAC	9.38	PAC
K576-1 (D)	4	26.0	26.0	1.0	HC.CON	15.62	HC
K576-1 (D)	5	41.0	41.0	1.0	PAC	25.0	PAC
K576-1 (D)	6	45.5	45.0	4.0	HC	27.81	HC
K576-1 (D)	7	53.0	53.0	1.0	PAC	32.5	PAC
K576-1 (D)	8	77.0	77.0	1.0	HC.PH	47.5	HC
K576-1 (D)	9	102.5	102.0	4.0	HC	63.44	HC
K576-1 (D)	10	106.5	106.0	4.0	PAC	65.94	PAC
K576-1 (D)	11	120.0	120.0	1.0	HC.CON	74.38	HC
K576-1 (D)	12	125.5	125.0	4.0	HC	77.81	HC
K576-1 (D)	13	129.5	129.0	4.0	PAC	80.31	PAC
K576-1 (D)	14	133.5	133.0	4.0	HC	82.81	HC
K576-1 (D)	15	155.0	155.0	1.0	PAC	96.25	PAC
K576-2 (A)	0	4.33	4.0	2.0	HC	4.97	HC
K576-2 (A)	1	8.33	8.0	2.0	PAC	10.94	PAC
K576-2 (A)	2	16.33	16.0	2.0	PAC	22.88	PAC
K576-2 (A)	3	20.0	20.0	1.0	HC.PH	28.36	HC
K576-2 (A)	4	24.0	24.0	1.0	PAC	34.33	PAC
K576-2 (A)	5	31.0	31.0	1.0	HC.PH	44.78	HC
K576-2 (A)	6	35.0	35.0	1.0	HC.PH	50.75	HC
K576-2 (A)	7	39.0	39.0	1.0	PAC	56.72	PAC
K576-2 (A)	8	47.33	47.0	2.0	HC	69.15	HC
K576-2 (A)	9	51.33	51.0	2.0	HC	75.12	HC
K576-2 (A)	10	59.0	59.0	1.0	PAC	86.57	PAC
K576-2 (A)	11	62.0	62.0	1.0	PAC	91.04	PAC
K576-2 (A)	12	65.0	65.0	1.0	PAC	95.52	PAC
K576-3 (D)	0	8.25	8.0	2.0	PAC	3.84	PAC
K576-3 (D)	1	16.0	16.0	1.0	PAC	7.94	PAC
K576-3 (D)	2	23.0	23.0	1.0	HC	11.64	HC
K576-3 (D)	3	34.0	34.0	1.0	HC.PH	17.46	HC
K576-3 (D)	4	50.0	50.0	1.0	PAC	25.93	PAC
K576-3 (D)	5	54.0	54.0	1.0	HC.CON	28.04	HC
K576-3 (D)	6	58.0	58.0	1.0	PAC	30.16	PAC
K576-3 (D)	7	72.25	72.0	2.0	PAC	37.7	PAC
K576-3 (D)	8	80.0	80.0	1.0	PAC	41.8	PAC
K576-3 (D)	9	92.0	92.0	1.0	HC.CON	48.15	HC
K576-3 (D)	10	114.0	114.0	1.0	HC.CON	59.79	HC
K576-3 (D)	11	125.0	125.0	1.0	HC.PH	65.61	HC
K576-3 (D)	12	141.0	141.0	1.0	PAC	74.07	PAC
K576-3 (D)	13	145.0	145.0	1.0	HC.CON	76.19	HC
K576-3 (D)	14	149.0	149.0	1.0	PAC	78.31	PAC
K576-3 (D)	15	155.0	155.0	1.0	HC.CON	81.48	HC
K576-3 (D)	16	170.25	170.0	2.0	PAC	89.55	PAC
K576-3 (D)	17	178.0	178.0	1.0	EVCAD	93.65	EVCAD
K576-3 (D)	18	181.0	181.0	1.0	EVCAD	95.24	EVCAD
K576-3 (D)	19	184.0	184.0	1.0	PAC	96.83	PAC
