Piece	i	m	measure	beat	label	type	key
K279-1 (C)	0	3.0	3.0	1.0	PAC	PAC	I
K279-1 (C)	1	5.0	5.0	1.0	PAC	PAC	I
K279-1 (C)	2	10.5	10.0	3.0	DEC	DEC	I
K279-1 (C)	3	12.5	12.0	3.0	PAC	PAC	I
K279-1 (C)	4	16.1	16.0	1.5	HC	HC	I
K279-1 (C)	5	24.0	24.0	1.0	HC.CON	HC	V
K279-1 (C)	6	31.0	31.0	1.0	PAC	PAC	V
K279-1 (C)	7	33.0	33.0	1.0	PAC	PAC	V
K279-1 (C)	8	35.0	35.0	1.0	PAC	PAC	V
K279-1 (C)	9	37.5	37.0	3.0	IAC	IAC	V
K279-1 (C)	10	51.5	51.0	3.0	HC.TEN	HC	I
K279-1 (C)	11	60.0	60.0	1.0	PAC	PAC	I
K279-1 (C)	12	62.0	62.0	1.0	PAC	PAC	I
K279-1 (C)	13	67.5	67.0	3.0	HC.CON	HC	I
K279-1 (C)	14	78.5	78.0	3.0	HC.CON	HC	I
K279-1 (C)	15	86.0	86.0	1.0	HC.SIM	HC	I
K279-1 (C)	16	92.0	92.0	1.0	PAC	PAC	I
K279-1 (C)	17	94.0	94.0	1.0	PAC	PAC	I
K279-1 (C)	18	96.0	96.0	1.0	PAC	PAC	I
K279-1 (C)	19	98.5	98.0	3.0	IAC	IAC	I
K279-2 (F)	0	4.0	4.0	1.0	DEC	DEC	I
K279-2 (F)	1	6.3	6.0	2.0	PAC	PAC	I
K279-2 (F)	2	10.0	10.0	1.0	HC.CON	HC	I
K279-2 (F)	3	17.0	17.0	1.0	DEC	DEC	V
K279-2 (F)	4	21.0	21.0	1.0	EVCAD	EVCAD	V
K279-2 (F)	5	26.0	26.0	1.0	PAC	PAC	V
K279-2 (F)	6	27.0	27.0	1.0	PAC	PAC	V
K279-2 (F)	7	28.7	28.0	3.0	PAC	PAC	V
K279-2 (F)	8	32.3	32.0	2.0	HC.PH	HC	vi
K279-2 (F)	9	35.0	35.0	1.0	DEC	DEC	vi
K279-2 (F)	10	37.0	37.0	1.0	DEC	DEC	vi
K279-2 (F)	11	41.7	41.0	3.0	HC	HC	I
K279-2 (F)	12	46.0	46.0	1.0	DEC	DEC	I
K279-2 (F)	13	50.0	50.0	1.0	HC.TEN	HC	I
K279-2 (F)	14	57.0	57.0	1.0	DEC	DEC	I
K279-2 (F)	15	61.0	61.0	1.0	EVCAD	EVCAD	I
K279-2 (F)	16	68.0	68.0	1.0	PAC	PAC	I
K279-2 (F)	17	72.0	72.0	1.0	PAC	PAC	I
K279-2 (F)	18	73.0	73.0	1.0	PAC	PAC	I
K279-2 (F)	19	74.7	74.0	3.0	PAC	PAC	I
K279-3 (C)	0	4	4.0	1.0	HC.CON	HC	I
K279-3 (C)	1	10	10.0	1.0	PAC	PAC	I
K279-3 (C)	2	18	18.0	1.0	HC.CON	HC	V
K279-3 (C)	3	20	20.0	1.0	HC.SIM	HC	V
K279-3 (C)	4	22	22.0	1.0	HC.SIM	HC	V
K279-3 (C)	5	30	30.0	1.0	HC.CON	HC	V
K279-3 (C)	6	34	34.0	1.0	DEC	DEC	V
K279-3 (C)	7	38	38.0	1.0	PAC	PAC	V
K279-3 (C)	8	46	46.0	1.0	PAC	PAC	V
K279-3 (C)	9	50	50.0	1.0	PAC	PAC	V
K279-3 (C)	10	54	54.0	1.0	PAC	PAC	V
K279-3 (C)	11	70	70.0	1.0	HC.PH	HC	vi
K279-3 (C)	12	72	72.0	1.0	HC.PH	HC	vi
K279-3 (C)	13	90	90.0	1.0	HC.CON	HC	I
K279-3 (C)	14	96	96.0	1.0	PAC	PAC	I
K279-3 (C)	15	104	104.0	1.0	HC.CON	HC	I
K279-3 (C)	16	106	106.0	1.0	HC.SIM	HC	I
K279-3 (C)	17	108	108.0	1.0	HC.SIM	HC	I
K279-3 (C)	18	116	116.0	1.0	HC.CON	HC	I
K279-3 (C)	19	120	120.0	1.0	DEC	DEC	I
K279-3 (C)	20	124	124.0	1.0	PAC	PAC	I
K279-3 (C)	21	132	132.0	1.0	EVCAD	EVCAD	I
K279-3 (C)	22	147	147.0	1.0	PAC	PAC	I
K279-3 (C)	23	151	151.0	1.0	PAC	PAC	I
K279-3 (C)	24	155	155.0	1.0	PAC	PAC	I
K280-1 (F)	0	10.0	10.0	1.0	EVCAD	EVCAD	I
K280-1 (F)	1	13.0	13.0	1.0	PAC	PAC	I
K280-1 (F)	2	26.3	26.0	2.0	HC	HC	I
K280-1 (F)	3	43.0	43.0	1.0	PAC	PAC	V
K280-1 (F)	4	48.0	48.0	1.0	PAC	PAC	V
K280-1 (F)	5	54.0	54.0	1.0	PAC	PAC	V
K280-1 (F)	6	78.0	78.0	1.0	HC	HC	vi
K280-1 (F)	7	92.0	92.0	1.0	EVCAD	EVCAD	I
K280-1 (F)	8	95.0	95.0	1.0	PAC	PAC	I
K280-1 (F)	9	108.3	108.0	2.0	HC	HC	I
K280-1 (F)	10	131.0	131.0	1.0	PAC	PAC	I
K280-1 (F)	11	136.0	136.0	1.0	PAC	PAC	I
K280-1 (F)	12	142.0	142.0	1.0	PAC	PAC	I
K280-2 (f)	0	8.5	8.0	4.0	PAC	PAC	i
K280-2 (f)	1	12.5	12.0	4.0	HC	HC	III
K280-2 (f)	2	19.0	19.0	1.0	DEC	DEC	III
K280-2 (f)	3	21.0	21.0	1.0	PAC	PAC	III
K280-2 (f)	4	22.5	22.0	4.0	PAC	PAC	III
K280-2 (f)	5	24.5	24.0	4.0	PAC	PAC	III
K280-2 (f)	6	32.0	32.0	1.0	HC	HC	v
K280-2 (f)	7	42.5	42.0	4.0	PAC	PAC	i
K280-2 (f)	8	46.5	46.0	4.0	HC.CON	HC	i
K280-2 (f)	9	53.0	53.0	1.0	EVCAD	EVCAD	i
K280-2 (f)	10	55.0	55.0	1.0	DEC	DEC	i
K280-2 (f)	11	57.0	57.0	1.0	PAC	PAC	i
K280-2 (f)	12	58.5	58.0	4.0	PAC	PAC	i
K280-2 (f)	13	60.5	60.0	4.0	PAC	PAC	i
K280-3 (F)	0	8.0	8.0	1.0	HC.CON	HC	I
K280-3 (F)	1	16.0	16.0	1.0	PAC	PAC	I
K280-3 (F)	2	32.0	32.0	1.0	HC.CON	HC	V
K280-3 (F)	3	49.7	49.0	3.0	HC.CON	HC	V
K280-3 (F)	4	62.0	62.0	1.0	PAC	PAC	V
K280-3 (F)	5	66.0	66.0	1.0	PAC	PAC	V
K280-3 (F)	6	72.0	72.0	1.0	PAC	PAC	V
K280-3 (F)	7	85.0	85.0	1.0	PAC	PAC	ii
K280-3 (F)	8	103.0	103.0	1.0	HC.PH	HC	vi
K280-3 (F)	9	115.0	115.0	1.0	HC.CON	HC	I
K280-3 (F)	10	123.0	123.0	1.0	PAC	PAC	I
K280-3 (F)	11	143.0	143.0	1.0	HC.CON	HC	I
K280-3 (F)	12	160.7	160.0	3.0	HC.CON	HC	I
K280-3 (F)	13	173.0	173.0	1.0	PAC	PAC	I
K280-3 (F)	14	177.0	177.0	1.0	PAC	PAC	I
K280-3 (F)	15	183.0	183.0	1.0	PAC	PAC	I
K281-1 (Bb)	0	4.1	4.0	1.5	IAC	IAC	I
K281-1 (Bb)	1	8.0	8.0	1.0	PAC	PAC	I
K281-1 (Bb)	2	16.0	16.0	1.0	HC.CON	HC	I
K281-1 (Bb)	3	30.0	30.0	1.0	PAC	PAC	V
K281-1 (Bb)	4	34.0	34.0	1.0	EVCAD	EVCAD	V
K281-1 (Bb)	5	36.0	36.0	1.0	EVCAD	EVCAD	V
K281-1 (Bb)	6	38.0	38.0	1.0	PAC	PAC	V
K281-1 (Bb)	7	48.0	48.0	1.0	PAC	PAC	V
K281-1 (Bb)	8	59.0	59.0	1.0	DEC	DEC	vi
K281-1 (Bb)	9	61.0	61.0	1.0	PAC	PAC	vi
K281-1 (Bb)	10	68.0	68.0	1.0	HC.TEN	HC	I
K281-1 (Bb)	11	73.1	73.0	1.5	IAC	IAC	I
K281-1 (Bb)	12	77.0	77.0	1.0	PAC	PAC	I
K281-1 (Bb)	13	85.0	85.0	1.0	HC.CON	HC	I
K281-1 (Bb)	14	99.0	99.0	1.0	PAC	PAC	I
K281-1 (Bb)	15	103.0	103.0	1.0	EVCAD	EVCAD	I
K281-1 (Bb)	16	105.0	105.0	1.0	EVCAD	EVCAD	I
K281-1 (Bb)	17	107.0	107.0	1.0	PAC	PAC	I
K281-2 (Eb)	0	8.0	8.0	1.0	IAC	IAC	I
K281-2 (Eb)	1	12.0	12.0	1.0	PAC	PAC	I
K281-2 (Eb)	2	14.0	14.0	1.0	PAC	PAC	I
K281-2 (Eb)	3	21.0	21.0	1.0	HC.CON	HC	I
K281-2 (Eb)	4	23.0	23.0	1.0	HC.CON	HC	I
K281-2 (Eb)	5	26.7	26.0	3.0	HC	HC	V
K281-2 (Eb)	6	35.0	35.0	1.0	DEC	DEC	V
K281-2 (Eb)	7	39.0	39.0	1.0	DEC	DEC	V
K281-2 (Eb)	8	41.0	41.0	1.0	DEC	DEC	V
K281-2 (Eb)	9	43.0	43.0	1.0	PAC	PAC	V
K281-2 (Eb)	10	55.3	55.0	2.0	HC.PH	HC	I
K281-2 (Eb)	11	66.0	66.0	1.0	IAC	IAC	I
K281-2 (Eb)	12	70.0	70.0	1.0	PAC	PAC	I
K281-2 (Eb)	13	72.0	72.0	1.0	PAC	PAC	I
K281-2 (Eb)	14	86.7	86.0	3.0	HC	HC	I
K281-2 (Eb)	15	95.0	95.0	1.0	DEC	DEC	I
K281-2 (Eb)	16	99.0	99.0	1.0	DEC	DEC	I
K281-2 (Eb)	17	101.0	101.0	1.0	DEC	DEC	I
K281-2 (Eb)	18	103.0	103.0	1.0	PAC	PAC	I
K281-3 (Bb)	0	4.2	4.0	2.0	HC.SIM	HC	I
K281-3 (Bb)	1	8.0	8.0	1.0	PAC	PAC	I
K281-3 (Bb)	2	10.0	10.0	1.0	HC.CON	HC	I
K281-3 (Bb)	3	12.0	12.0	1.0	PAC	PAC	I
K281-3 (Bb)	4	14.0	14.0	1.0	PAC	PAC	I
K281-3 (Bb)	5	16.0	16.0	1.0	PAC	PAC	I
K281-3 (Bb)	6	27.2	27.0	2.0	HC	HC	V
K281-3 (Bb)	7	39.0	39.0	1.0	PAC	PAC	V
K281-3 (Bb)	8	47.2	47.0	2.0	HC.SIM	HC	I
K281-3 (Bb)	9	51.0	51.0	1.0	PAC	PAC	I
K281-3 (Bb)	10	59.5	59.0	3.0	HC.PH	HC	vi
K281-3 (Bb)	11	63.5	63.0	3.0	HC.PH	HC	vi
K281-3 (Bb)	12	67.5	67.0	3.0	PAC	PAC	vi
K281-3 (Bb)	13	69.5	69.0	3.0	HC.PH	HC	vi
K281-3 (Bb)	14	75.2	75.0	2.0	HC.SIM	HC	I
K281-3 (Bb)	15	79.0	79.0	1.0	PAC	PAC	I
K281-3 (Bb)	16	81.0	81.0	1.0	HC.CON	HC	I
K281-3 (Bb)	17	83.0	83.0	1.0	PAC	PAC	I
K281-3 (Bb)	18	85.0	85.0	1.0	PAC	PAC	I
K281-3 (Bb)	19	87.0	87.0	1.0	PAC	PAC	I
K281-3 (Bb)	20	101.0	101.0	1.0	PAC	PAC	IV
K281-3 (Bb)	21	109.2	109.0	2.0	HC	HC	I
K281-3 (Bb)	22	118.0	118.0	1.0	HC.TEN	HC	I
K281-3 (Bb)	23	123.0	123.0	1.0	HC.TEN	HC	I
K281-3 (Bb)	24	136.0	136.0	1.0	PAC	PAC	I
K281-3 (Bb)	25	146.2	146.0	2.0	HC.SIM	HC	I
K281-3 (Bb)	26	150.0	150.0	1.0	PAC	PAC	I
K281-3 (Bb)	27	152.0	152.0	1.0	HC.CON	HC	I
K281-3 (Bb)	28	154.0	154.0	1.0	PAC	PAC	I
K281-3 (Bb)	29	156.0	156.0	1.0	PAC	PAC	I
K281-3 (Bb)	30	158.0	158.0	1.0	PAC	PAC	I
K282-1 (Eb)	0	2.2	2.0	2.0	HC	HC	I
K282-1 (Eb)	1	4.0	4.0	1.0	IAC	IAC	I
K282-1 (Eb)	2	8.0	8.0	1.0	HC.CON	HC	V
K282-1 (Eb)	3	13.0	13.0	1.0	DEC	DEC	V
K282-1 (Eb)	4	15.0	15.0	1.0	PAC	PAC	V
K282-1 (Eb)	5	20.0	20.0	1.0	HC.PH	HC	I
K282-1 (Eb)	6	26.0	26.0	1.0	HC.CON	HC	I
K282-1 (Eb)	7	32.0	32.0	1.0	DEC	DEC	I
K282-1 (Eb)	8	33.0	33.0	1.0	PAC	PAC	I
K282-1 (Eb)	9	35.1	35.0	1.5	HC	HC	I
K282-1 (Eb)	10	36.8	36.0	4.0	PAC	PAC	I
K282-2 (Bb)	0	10.0	10.0	1.0	PAC	PAC	V
K282-2 (Bb)	1	18.3	18.0	2.0	HC	HC	I
K282-2 (Bb)	2	28.0	28.0	1.0	PAC	PAC	I
K282-2 (Bb)	3	32.0	32.0	1.0	PAC	PAC	I
K282-2 (Bb)	4	40.3	40.0	2.0	HC.CON	HC	IV
K282-2 (Bb)	5	48.0	48.0	1.0	PAC	PAC	I
K282-2 (Bb)	6	55.0	55.0	1.0	HC.PH	HC	IV
K282-2 (Bb)	7	64.3	64.0	2.0	HC.CON	HC	IV
K282-2 (Bb)	8	72.0	72.0	1.0	PAC	PAC	IV
K282-3 (Eb)	0	8.1	8.0	1.5	HC	HC	I
K282-3 (Eb)	1	15.1	15.0	1.5	HC	HC	V
K282-3 (Eb)	2	23.0	23.0	1.0	PAC	PAC	V
K282-3 (Eb)	3	31.0	31.0	1.0	DEC	DEC	V
K282-3 (Eb)	4	35.0	35.0	1.0	PAC	PAC	V
K282-3 (Eb)	5	39.0	39.0	1.0	PAC	PAC	V
K282-3 (Eb)	6	59.2	59.0	2.0	HC.PH	HC	vi
K282-3 (Eb)	7	69.1	69.0	1.5	HC	HC	I
K282-3 (Eb)	8	76.1	76.0	1.5	HC	HC	I
K282-3 (Eb)	9	84.0	84.0	1.0	PAC	PAC	I
K282-3 (Eb)	10	88.2	88.0	2.0	DEC	DEC	I
K282-3 (Eb)	11	92.0	92.0	1.0	DEC	DEC	I
K282-3 (Eb)	12	96.0	96.0	1.0	PAC	PAC	I
K282-3 (Eb)	13	98.0	98.0	1.0	DEC	DEC	I
K282-3 (Eb)	14	100.0	100.0	1.0	PAC	PAC	I
K283-1 (G)	0	10.0	10	1.0	PAC	PAC	I
K283-1 (G)	1	16.0	16	1.0	PAC	PAC	I
K283-1 (G)	2	22.0	22	1.0	HC	HC	I
K283-1 (G)	3	26.7	26	3.0	HC	HC	V
K283-1 (G)	4	30.7	30	3.0	HC	HC	V
K283-1 (G)	5	38.0	38	1.0	PAC	PAC	V
K283-1 (G)	6	43.0	43	1.0	PAC	PAC	V
K283-1 (G)	7	48.0	48	1.0	EVCAD.MEL	EVCAD	V
K283-1 (G)	8	51.0	51	1.0	PAC	PAC	V
K283-1 (G)	9	62.0	62	1.0	PAC	PAC	V
K283-1 (G)	10	89.0	89	1.0	HC	HC	I
K283-1 (G)	11	93.7	93	3.0	HC	HC	I
K283-1 (G)	12	97.7	97	3.0	HC	HC	I
K283-1 (G)	13	105.0	105	1.0	PAC	PAC	I
K283-1 (G)	14	110.0	110	1.0	PAC	PAC	I
K283-1 (G)	15	115.0	115	1.0	EVCAD.MEL	EVCAD	I
K283-1 (G)	16	118.0	118	1.0	PAC	PAC	I
K283-2 (C)	0	4.8	4	4.0	PAC	PAC	I
K283-2 (C)	1	8.8	8	4.0	HC	HC	V
K283-2 (C)	2	14.0	14	1.0	PAC	PAC	V
K283-2 (C)	3	22.0	22	1.0	HC	HC	vi
K283-2 (C)	4	22.0	22	1.0	HC.PH	HC	vi
K283-2 (C)	5	31.8	31	4.0	HC	HC	I
K283-2 (C)	6	37.0	37	1.0	PAC	PAC	I
K283-2 (C)	7	39.8	39	4.0	PAC	PAC	I
K283-3 (G)	0	24	24	1.0	EVCAD.MEL	EVCAD	I
K283-3 (G)	1	39	39	1.0	HC	HC	I
K283-3 (G)	2	73	73	1.0	PAC	PAC	V
K283-3 (G)	3	81	81	1.0	PAC	PAC	V
K283-3 (G)	4	97	97	1.0	PAC	PAC	V
K283-3 (G)	5	101	101	1.0	PAC	PAC	V
K283-3 (G)	6	123	123	1.0	HC.PH	HC	ii
K283-3 (G)	7	138	138	1.0	PAC	PAC	ii
K283-3 (G)	8	142	142	1.0	PAC	PAC	ii
K283-3 (G)	9	152	152	1.0	DEC	DEC	vi
K283-3 (G)	10	160	160	1.0	HC	HC	i
K283-3 (G)	11	168	168	1.0	HC.PH	HC	i
K283-3 (G)	12	195	195	1.0	EVCAD.MEL	EVCAD	I
K283-3 (G)	13	210	210	1.0	HC	HC	I
K283-3 (G)	14	244	244	1.0	PAC	PAC	I
K283-3 (G)	15	252	252	1.0	PAC	PAC	I
K283-3 (G)	16	268	268	1.0	PAC	PAC	I
K283-3 (G)	17	272	272	1.0	PAC	PAC	I
K284-1 (D)	0	17	17.0	1.0	HC.PH	HC	I
K284-1 (D)	1	34	34.0	1.0	HC.PH	HC	V
K284-1 (D)	2	41	41.0	1.0	EVCAD	EVCAD	V
K284-1 (D)	3	44	44.0	1.0	PAC	PAC	V
K284-1 (D)	4	50	50.0	1.0	PAC	PAC	V
K284-1 (D)	5	70	70.0	1.0	HC.CON	HC	i
K284-1 (D)	6	88	88.0	1.0	HC.PH	HC	i
K284-1 (D)	7	106	106.0	1.0	HC.PH	HC	i
K284-1 (D)	8	113	113.0	1.0	EVCAD	EVCAD	i
K284-1 (D)	9	116	116.0	1.0	PAC	PAC	i
K284-1 (D)	10	120	120.0	1.0	PAC	PAC	i
K284-1 (D)	11	126	126.0	1.0	PAC	PAC	i
K284-2 (A)	0	8.7	8.0	3.0	HC	HC	I
K284-2 (A)	1	16.7	16.0	3.0	PAC	PAC	I
K284-2 (A)	2	25.0	25.0	1.0	DEC	DEC	V
K284-2 (A)	3	30.7	30.0	3.0	PAC	PAC	V
K284-2 (A)	4	38.7	38.0	3.0	HC	HC	I
K284-2 (A)	5	46.7	46.0	3.0	PAC	PAC	I
K284-2 (A)	6	52.0	52.0	1.0	HC.PH	HC	vi
K284-2 (A)	7	61.0	61.0	1.0	DEC	DEC	I
K284-2 (A)	8	69.3	69.0	2.0	HC	HC	i
K284-2 (A)	9	76.0	76.0	1.0	EVCAD	EVCAD	I
K284-2 (A)	10	85.3	85.0	2.0	DEC	DEC	I
K284-2 (A)	11	87.3	87.0	2.0	DEC	DEC	I
K284-2 (A)	12	91.7	91.0	3.0	PAC	PAC	I
K284-3 (D)	0	4.2	4.0	2.0	HC	HC	I
K284-3 (D)	1	8.2	8.0	2.0	PAC	PAC	V
K284-3 (D)	2	12.5	12.0	3.0	HC.TEN	HC	I
K284-3 (D)	3	17.2	17.0	2.0	PAC	PAC	I
K284-3 (D)	4	21.2	21.0	2.0	HC	HC	I
K284-3 (D)	5	25.2	25.0	2.0	PAC	PAC	V
K284-3 (D)	6	29.2	29.0	2.0	HC.TEN	HC	I
K284-3 (D)	7	33.0	33.0	1.0	IAC	IAC	I
K284-3 (D)	8	34.2	34.0	2.0	PAC	PAC	I
K284-3 (D)	9	38.2	38.0	2.0	HC	HC	I
K284-3 (D)	10	42.0	42.0	1.0	PAC	PAC	V
K284-3 (D)	11	46.2	46.0	2.0	HC.TEN	HC	I
K284-3 (D)	12	51.0	51.0	1.0	PAC	PAC	I
K284-3 (D)	13	55.2	55.0	2.0	HC	HC	I
K284-3 (D)	14	59.0	59.0	1.0	PAC	PAC	V
K284-3 (D)	15	63.2	63.0	2.0	HC.TEN	HC	I
K284-3 (D)	16	68.0	68.0	1.0	PAC	PAC	I
K284-3 (D)	17	72.2	72.0	2.0	HC	HC	I
K284-3 (D)	18	76.0	76.0	1.0	PAC	PAC	V
K284-3 (D)	19	80.0	80.0	1.0	HC.SIM	HC	I
K284-3 (D)	20	85.0	85.0	1.0	PAC	PAC	I
K284-3 (D)	21	89.2	89.0	2.0	HC	HC	I
K284-3 (D)	22	93.0	93.0	1.0	PAC	PAC	V
K284-3 (D)	23	97.2	97.0	2.0	HC.TEN	HC	I
K284-3 (D)	24	102.0	102.0	1.0	PAC	PAC	I
K284-3 (D)	25	106.2	106.0	2.0	HC	HC	I
K284-3 (D)	26	114.2	114.0	2.0	HC.CON	HC	I
K284-3 (D)	27	123.2	123.0	2.0	HC.PH	HC	i
K284-3 (D)	28	127.0	127.0	1.0	PAC	PAC	v
K284-3 (D)	29	136.0	136.0	1.0	PAC	PAC	i
K284-3 (D)	30	140.2	140.0	2.0	HC	HC	I
K284-3 (D)	31	144.0	144.0	1.0	PAC	PAC	V
K284-3 (D)	32	149.0	149.0	1.0	HC	HC	I
K284-3 (D)	33	153.0	153.0	1.0	PAC	PAC	I
K284-3 (D)	34	174.2	174.0	2.0	HC	HC	I
K284-3 (D)	35	178.0	178.0	1.0	PAC	PAC	V
K284-3 (D)	36	182.0	182.0	1.0	HC.CON	HC	I
K284-3 (D)	37	187.0	187.0	1.0	PAC	PAC	I
K284-3 (D)	38	191.2	191.0	2.0	HC	HC	I
K284-3 (D)	39	195.2	195.0	2.0	PAC	PAC	V
K284-3 (D)	40	199.2	199.0	2.0	HC	HC	I
K284-3 (D)	41	203.2	203.0	2.0	PAC	PAC	V
K284-3 (D)	42	211.0	211.0	1.0	IAC	IAC	I
K284-3 (D)	43	212.2	212.0	2.0	PAC	PAC	I
K284-3 (D)	44	220.0	220.0	1.0	IAC	IAC	I
K284-3 (D)	45	221.2	221.0	2.0	PAC	PAC	I
K284-3 (D)	46	225.3	225.0	2.0	HC	HC	I
K284-3 (D)	47	233.3	233.0	2.0	HC	HC	I
K284-3 (D)	48	237.0	237.0	1.0	PAC	PAC	V
K284-3 (D)	49	250.0	250.0	1.0	HC.PH	HC	I
K284-3 (D)	50	255.0	255.0	1.0	DEC	DEC	I
K284-3 (D)	51	257.0	257.0	1.0	DEC	DEC	I
K284-3 (D)	52	259.0	259.0	1.0	PAC	PAC	I
K309-1 (C)	0	8.0	8.0	1.0	PAC	PAC	I
K309-1 (C)	1	18.0	18.0	1.0	EVCAD	EVCAD	I
K309-1 (C)	2	21.0	21.0	1.0	PAC	PAC	I
K309-1 (C)	3	32.0	32.0	1.0	HC	HC	V
K309-1 (C)	4	38.5	38.0	3.0	HC	HC	V
K309-1 (C)	5	42.5	42.0	3.0	HC	HC	V
K309-1 (C)	6	46.0	46.0	1.0	EVCAD	EVCAD	V
K309-1 (C)	7	54.0	54.0	1.0	PAC	PAC	V
K309-1 (C)	8	58.0	58.0	1.0	PAC	PAC	V
K309-1 (C)	9	82.0	82.0	1.0	PAC	PAC	vi
K309-1 (C)	10	86.0	86.0	1.0	PAC	PAC	vi
K309-1 (C)	11	101.0	101.0	1.0	PAC	PAC	I
K309-1 (C)	12	108.1	108.0	1.5	HC	HC	I
K309-1 (C)	13	113.0	113.0	1.0	EVCAD	EVCAD	I
K309-1 (C)	14	116.0	116.0	1.0	PAC	PAC	I
K309-1 (C)	15	126.0	126.0	1.0	HC	HC	I
K309-1 (C)	16	132.5	132.0	3.0	HC.CON	HC	I
K309-1 (C)	17	136.5	136.0	3.0	HC.TEN	HC	I
K309-1 (C)	18	140.0	140.0	1.0	EVCAD	EVCAD	I
K309-1 (C)	19	148.0	148.0	1.0	PAC	PAC	I
K309-1 (C)	20	152.0	152.0	1.0	PAC	PAC	I
K309-2 (F)	0	4.3	4.0	2.0	IAC	IAC	I
K309-2 (F)	1	5.3	5.0	2.0	HC	HC	I
K309-2 (F)	2	8.3	8.0	2.0	HC	HC	I
K309-2 (F)	3	16.3	16.0	2.0	PAC	PAC	I
K309-2 (F)	4	24.3	24.0	2.0	HC	HC	I
K309-2 (F)	5	32.3	32.0	2.0	PAC	PAC	I
K309-2 (F)	6	40.0	40.0	1.0	PAC	PAC	V
K309-2 (F)	7	44.3	44.0	2.0	HC	HC	I
K309-2 (F)	8	49.3	49.0	2.0	HC	HC	I
K309-2 (F)	9	52.3	52.0	2.0	PAC	PAC	I
K309-2 (F)	10	60.0	60.0	1.0	PAC	PAC	V
K309-2 (F)	11	64.3	64.0	2.0	HC	HC	I
K309-2 (F)	12	68.0	68.0	1.0	IAC	IAC	V
K309-2 (F)	13	72.3	72.0	2.0	DEC	DEC	I
K309-2 (F)	14	73.3	73.0	2.0	HC	HC	I
K309-2 (F)	15	76.0	76.0	1.0	PAC	PAC	I
K309-3 (C)	0	8.2	8.0	2.0	HC	HC	I
K309-3 (C)	1	16.0	16.0	1.0	EVCAD.MEL	EVCAD	I
K309-3 (C)	2	19.0	19.0	1.0	PAC	PAC	I
K309-3 (C)	3	27.1	27.0	1.5	HC	HC	I
K309-3 (C)	4	39.0	39.0	1.0	HC.CON	HC	I
K309-3 (C)	5	65.0	65.0	1.0	DEC	DEC	V
K309-3 (C)	6	77.0	77.0	1.0	PAC	PAC	V
K309-3 (C)	7	81.0	81.0	1.0	PAC	PAC	V
K309-3 (C)	8	85.0	85.0	1.0	PAC	PAC	V
K309-3 (C)	9	100.2	100.0	2.0	HC	HC	I
K309-3 (C)	10	108.0	108.0	1.0	EVCAD.MEL	EVCAD	I
K309-3 (C)	11	111.0	111.0	1.0	PAC	PAC	I
K309-3 (C)	12	123.0	123.0	1.0	PAC	PAC	IV
K309-3 (C)	13	126.0	126.0	1.0	PAC	PAC	IV
K309-3 (C)	14	128.0	128.0	1.0	PAC	PAC	IV
K309-3 (C)	15	131.0	131.0	1.0	PAC	PAC	IV
K309-3 (C)	16	137.0	137.0	1.0	HC.CON	HC	I
K309-3 (C)	17	169.0	169.0	1.0	DEC	DEC	I
K309-3 (C)	18	185.0	185.0	1.0	HC.CON	HC	I
K309-3 (C)	19	196.2	196.0	2.0	HC	HC	I
K309-3 (C)	20	204.0	204.0	1.0	EVCAD.MEL	EVCAD	I
K309-3 (C)	21	206.0	206.0	1.0	DEC	DEC	I
K309-3 (C)	22	207.0	207.0	1.0	PAC	PAC	I
K309-3 (C)	23	217.0	217.0	1.0	PAC	PAC	I
K309-3 (C)	24	221.0	221.0	1.0	EVCAD	EVCAD	I
K309-3 (C)	25	234.0	234.0	1.0	PAC	PAC	I
K309-3 (C)	26	240.0	240.0	1.0	PAC	PAC	I
K310-1 (a)	0	9	9.0	1.0	EVCAD.MEL	EVCAD	i
K310-1 (a)	1	16	16.0	1.0	HC.CON	HC	III
K310-1 (a)	2	35	35.0	1.0	EVCAD.MEL	EVCAD	III
K310-1 (a)	3	40	40.0	1.0	EVCAD.MEL	EVCAD	III
K310-1 (a)	4	45	45.0	1.0	PAC	PAC	III
K310-1 (a)	5	47	47.0	1.0	IAC	IAC	III
K310-1 (a)	6	49	49.0	1.0	PAC	PAC	III
K310-1 (a)	7	58	58.0	1.0	HC.PH	HC	v
K310-1 (a)	8	74	74.0	1.0	HC.PH	HC	i
K310-1 (a)	9	78	78.0	1.0	HC	HC	i
K310-1 (a)	10	88	88.0	1.0	IAC	IAC	i
K310-1 (a)	11	97	97.0	1.0	HC	HC	i
K310-1 (a)	12	114	114.0	1.0	HC.CON	HC	IV
K310-1 (a)	13	116	116.0	1.0	EVCAD.MEL	EVCAD	i
K310-1 (a)	14	121	121.0	1.0	EVCAD.MEL	EVCAD	i
K310-1 (a)	15	126	126.0	1.0	EVCAD	EVCAD	i
K310-1 (a)	16	129	129.0	1.0	PAC	PAC	i
K310-1 (a)	17	131	131.0	1.0	IAC	IAC	i
K310-1 (a)	18	133	133.0	1.0	PAC	PAC	i
K310-2 (F)	0	4.3	4.0	2.0	HC	HC	I
K310-2 (F)	1	8.0	8.0	1.0	PAC	PAC	I
K310-2 (F)	2	14.3	14.0	2.0	HC	HC	I
K310-2 (F)	3	22.0	22.0	1.0	EVCAD.MEL	EVCAD	V
K310-2 (F)	4	25.0	25.0	1.0	EVCAD.MEL	EVCAD	V
K310-2 (F)	5	29.0	29.0	1.0	PAC	PAC	V
K310-2 (F)	6	35.0	35.0	1.0	EVCAD	EVCAD	V
K310-2 (F)	7	37.0	37.0	1.0	PAC	PAC	V
K310-2 (F)	8	43.0	43.0	1.0	HC.PH	HC	vi
K310-2 (F)	9	51.2	51.0	1.5	HC.CON	HC	I
K310-2 (F)	10	53.3	53.0	2.0	HC.PH	HC	I
K310-2 (F)	11	57.3	57.0	2.0	HC	HC	I
K310-2 (F)	12	61.0	61.0	1.0	PAC	PAC	I
K310-2 (F)	13	67.3	67.0	2.0	HC	HC	I
K310-2 (F)	14	77.0	77.0	1.0	EVCAD.MEL	EVCAD	I
K310-2 (F)	15	80.0	80.0	1.0	EVCAD.MEL	EVCAD	I
K310-2 (F)	16	84.0	84.0	1.0	PAC	PAC	I
K310-3 (a)	0	4.2	4.0	2.0	HC	HC	i
K310-3 (a)	1	8.0	8.0	1.0	HC	HC	i
K310-3 (a)	2	12.2	12.0	2.0	HC	HC	i
K310-3 (a)	3	16.0	16.0	1.0	DEC	DEC	i
K310-3 (a)	4	20.0	20.0	1.0	PAC	PAC	i
K310-3 (a)	5	28.2	28.0	2.0	HC	HC	III
K310-3 (a)	6	32.4	32.0	2.5	HC	HC	III
K310-3 (a)	7	44.2	44.0	2.0	DEC	DEC	III
K310-3 (a)	8	52.0	52.0	1.0	DEC	DEC	III
K310-3 (a)	9	56.0	56.0	1.0	DEC	DEC	III
K310-3 (a)	10	63.0	63.0	1.0	HC.CON	HC	v
K310-3 (a)	11	79.0	79.0	1.0	PAC	PAC	v
K310-3 (a)	12	87.0	87.0	1.0	EVCAD.MEL	EVCAD	v
K310-3 (a)	13	99.0	99.0	1.0	HC.CON	HC	i
K310-3 (a)	14	110.2	110.0	2.0	HC	HC	i
K310-3 (a)	15	114.0	114.0	1.0	HC	HC	i
K310-3 (a)	16	118.2	118.0	2.0	HC	HC	i
K310-3 (a)	17	122.0	122.0	1.0	DEC	DEC	i
K310-3 (a)	18	134.0	134.0	1.0	PAC	PAC	i
K310-3 (a)	19	142.0	142.0	1.0	PAC	PAC	i
K310-3 (a)	20	158.0	158.0	1.0	PAC	PAC	V
K310-3 (a)	21	174.0	174.0	1.0	PAC	PAC	I
K310-3 (a)	22	178.2	178.0	2.0	HC	HC	i
K310-3 (a)	23	182.0	182.0	1.0	HC	HC	i
K310-3 (a)	24	186.2	186.0	2.0	HC	HC	i
K310-3 (a)	25	190.0	190.0	1.0	DEC	DEC	i
K310-3 (a)	26	194.0	194.0	1.0	PAC	PAC	i
K310-3 (a)	27	218.0	218.0	1.0	PAC	PAC	i
K310-3 (a)	28	226.0	226.0	1.0	DEC	DEC	i
K310-3 (a)	29	233.0	233.0	1.0	EVCAD.MEL	EVCAD	i
K310-3 (a)	30	239.0	239.0	1.0	EVCAD.MEL	EVCAD	i
K310-3 (a)	31	245.0	245.0	1.0	PAC	PAC	i
K310-3 (a)	32	251.0	251.0	1.0	PAC	PAC	i
K311-1 (D)	0	4.0	4.0	1.0	IAC	IAC	I
K311-1 (D)	1	7.0	7.0	1.0	PAC	PAC	I
K311-1 (D)	2	13.0	13.0	1.0	HC.CON	HC	I
K311-1 (D)	3	20.5	20.0	3.0	HC	HC	V
K311-1 (D)	4	24.0	24.0	1.0	PAC	PAC	V
K311-1 (D)	5	32.0	32.0	1.0	PAC	PAC	V
K311-1 (D)	6	36.0	36.0	1.0	PAC	PAC	V
K311-1 (D)	7	39.5	39.0	3.0	PAC	PAC	V
K311-1 (D)	8	55.5	55.0	3.0	PAC	PAC	vi
K311-1 (D)	9	62.0	62.0	1.0	PAC	PAC	IV
K311-1 (D)	10	66.0	66.0	1.0	PAC	PAC	IV
K311-1 (D)	11	75.0	75.0	1.0	HC.CON	HC	I
K311-1 (D)	12	82.5	82.0	3.0	HC	HC	I
K311-1 (D)	13	86.5	86.0	3.0	HC.PH	HC	I
K311-1 (D)	14	95.0	95.0	1.0	PAC	PAC	I
K311-1 (D)	15	99.0	99.0	1.0	PAC	PAC	I
K311-1 (D)	16	102.0	102.0	1.0	IAC	IAC	I
K311-1 (D)	17	105.0	105.0	1.0	DEC	DEC	I
K311-1 (D)	18	107.0	107.0	1.0	DEC	DEC	I
K311-1 (D)	19	109.0	109.0	1.0	PAC	PAC	I
K311-1 (D)	20	112.5	112.0	3.0	PAC	PAC	I
K311-2 (G)	0	4.2	4.0	2.0	HC	HC	I
K311-2 (G)	1	8.2	8.0	2.0	PAC	PAC	I
K311-2 (G)	2	10.0	10.0	1.0	EVCAD	EVCAD	I
K311-2 (G)	3	12.0	12.0	1.0	PAC	PAC	I
K311-2 (G)	4	16.0	16.0	1.0	HC	HC	V
K311-2 (G)	5	24.0	24.0	1.0	HC.CON	HC	V
K311-2 (G)	6	32.2	32.0	2.0	DEC	DEC	V
K311-2 (G)	7	38.0	38.0	1.0	PAC	PAC	V
K311-2 (G)	8	42.2	42.0	2.0	HC	HC	I
K311-2 (G)	9	46.2	46.0	2.0	PAC	PAC	I
K311-2 (G)	10	48.0	48.0	1.0	EVCAD	EVCAD	I
K311-2 (G)	11	50.0	50.0	1.0	PAC	PAC	I
K311-2 (G)	12	52.0	52.0	1.0	HC.PH	HC	I
K311-2 (G)	13	60.0	60.0	1.0	HC.CON	HC	I
K311-2 (G)	14	68.2	68.0	2.0	DEC	DEC	I
K311-2 (G)	15	74.0	74.0	1.0	PAC	PAC	I
K311-2 (G)	16	79.2	79.0	2.0	HC	HC	I
K311-2 (G)	17	82.2	82.0	2.0	PAC	PAC	I
K311-2 (G)	18	84.0	84.0	1.0	EVCAD	EVCAD	I
K311-2 (G)	19	86.0	86.0	1.0	PAC	PAC	I
K311-2 (G)	20	88.0	88.0	1.0	EVCAD	EVCAD	I
K311-2 (G)	21	90.0	90.0	1.0	PAC	PAC	I
K311-3 (D)	0	8.0	8.0	1.0	HC	HC	I
K311-3 (D)	1	16.0	16.0	1.0	PAC	PAC	I
K311-3 (D)	2	26.0	26.0	1.0	IAC	IAC	I
K311-3 (D)	3	40.0	40.0	1.0	HC	HC	V
K311-3 (D)	4	48.3	48.0	3.0	HC	HC	V
K311-3 (D)	5	56.0	56.0	1.0	PAC	PAC	V
K311-3 (D)	6	64.0	64.0	1.0	PAC	PAC	V
K311-3 (D)	7	75.0	75.0	1.0	PAC	PAC	V
K311-3 (D)	8	77.0	77.0	1.0	PAC	PAC	V
K311-3 (D)	9	79.0	79.0	1.0	PAC	PAC	V
K311-3 (D)	10	94.0	94.0	1.0	HC	HC	I
K311-3 (D)	11	102.0	102.0	1.0	PAC	PAC	I
K311-3 (D)	12	112.0	112.0	1.0	IAC	IAC	IV
K311-3 (D)	13	114.0	114.0	1.0	IAC	IAC	IV
K311-3 (D)	14	116.0	116.0	1.0	IAC	IAC	I
K311-3 (D)	15	118.0	118.0	1.0	HC.PH	HC	vi
K311-3 (D)	16	126.0	126.0	1.0	HC	HC	vi
K311-3 (D)	17	138.5	138.0	4.0	HC	HC	IV
K311-3 (D)	18	145.0	145.0	1.0	HC	HC	IV
K311-3 (D)	19	146.5	146.0	4.0	HC	HC	IV
K311-3 (D)	20	154.0	154.0	1.0	PAC	PAC	IV
K311-3 (D)	21	181.0	181.0	1.0	HC	HC	I
K311-3 (D)	22	189.0	189.0	1.0	PAC	PAC	I
K311-3 (D)	23	205.0	205.0	1.0	HC	HC	I
K311-3 (D)	24	213.5	213.0	4.0	HC	HC	I
K311-3 (D)	25	221.0	221.0	1.0	PAC	PAC	I
K311-3 (D)	26	229.0	229.0	1.0	PAC	PAC	I
K311-3 (D)	27	240.0	240.0	1.0	PAC	PAC	I
K311-3 (D)	28	242.0	242.0	1.0	PAC	PAC	I
K311-3 (D)	29	244.0	244.0	1.0	PAC	PAC	I
K311-3 (D)	30	256.0	256.0	1.0	PAC	PAC	I
K311-3 (D)	31	266.0	266.0	1.0	IAC	IAC	I
K311-3 (D)	32	268.0	268.0	1.0	PAC	PAC	I
K330-1 (C)	0	8.0	8.0	1.0	IAC	IAC	I
K330-1 (C)	1	12.0	12.0	1.0	PAC	PAC	I
K330-1 (C)	2	14.0	14.0	1.0	PAC	PAC	I
K330-1 (C)	3	16.0	16.0	1.0	PAC	PAC	I
K330-1 (C)	4	18.2	18.0	2.0	HC	HC	I
K330-1 (C)	5	31.2	31.0	2.0	DEC	DEC	V
K330-1 (C)	6	34.0	34.0	1.0	PAC	PAC	V
K330-1 (C)	7	38.0	38.0	1.0	HC.CON	HC	V
K330-1 (C)	8	42.0	42.0	1.0	PAC	PAC	V
K330-1 (C)	9	48.0	48.0	1.0	PAC	PAC	V
K330-1 (C)	10	54.0	54.0	1.0	PAC	PAC	V
K330-1 (C)	11	56.0	56.0	1.0	PAC	PAC	V
K330-1 (C)	12	58.0	58.0	1.0	PAC	PAC	V
K330-1 (C)	13	66.0	66.0	1.0	IAC	IAC	V
K330-1 (C)	14	79.0	79.0	1.0	HC.CON	HC	I
K330-1 (C)	15	83.0	83.0	1.0	HC	HC	I
K330-1 (C)	16	95.0	95.0	1.0	IAC	IAC	I
K330-1 (C)	17	99.0	99.0	1.0	PAC	PAC	I
K330-1 (C)	18	101.0	101.0	1.0	PAC	PAC	I
K330-1 (C)	19	103.0	103.0	1.0	PAC	PAC	I
K330-1 (C)	20	105.2	105.0	2.0	HC	HC	I
K330-1 (C)	21	118.2	118.0	2.0	DEC.CAD	DEC	I
K330-1 (C)	22	121.0	121.0	1.0	PAC	PAC	I
K330-1 (C)	23	125.0	125.0	1.0	HC.CON	HC	I
K330-1 (C)	24	129.0	129.0	1.0	PAC	PAC	I
K330-1 (C)	25	135.0	135.0	1.0	PAC	PAC	I
K330-1 (C)	26	141.0	141.0	1.0	PAC	PAC	I
K330-1 (C)	27	143.0	143.0	1.0	PAC	PAC	I
K330-1 (C)	28	145.0	145.0	1.0	PAC	PAC	I
K330-2 (F)	0	4.3	4.0	2.0	HC.TEN	HC	I
K330-2 (F)	1	8.0	8.0	1.0	PAC	PAC	V
K330-2 (F)	2	12.3	12.0	2.0	HC	HC	I
K330-2 (F)	3	17.3	17.0	2.0	HC	HC	IV
K330-2 (F)	4	20.0	20.0	1.0	PAC	PAC	I
K330-2 (F)	5	28.0	28.0	1.0	PAC	PAC	bIII
K330-2 (F)	6	32.3	32.0	2.0	HC.CON	HC	i
K330-2 (F)	7	36.0	36.0	1.0	PAC	PAC	i
K330-2 (F)	8	44.3	44.0	2.0	HC	HC	I
K330-2 (F)	9	48.0	48.0	1.0	PAC	PAC	V
K330-2 (F)	10	52.3	52.0	2.0	HC	HC	I
K330-2 (F)	11	57.3	57.0	2.0	HC	HC	IV
K330-2 (F)	12	60.0	60.0	1.0	PAC	PAC	I
K330-3 (C)	0	2.2	2.0	2.0	HC	HC	I
K330-3 (C)	1	4.2	4.0	2.0	HC	HC	I
K330-3 (C)	2	8.0	8.0	1.0	HC	HC	I
K330-3 (C)	3	10.2	10.0	2.0	HC	HC	I
K330-3 (C)	4	12.2	12.0	2.0	HC	HC	I
K330-3 (C)	5	16.0	16.0	1.0	PAC	PAC	I
K330-3 (C)	6	18.0	18.0	1.0	PAC	PAC	I
K330-3 (C)	7	20.0	20.0	1.0	PAC	PAC	I
K330-3 (C)	8	32.0	32.0	1.0	HC	HC	V
K330-3 (C)	9	35.0	35.0	1.0	IAC	IAC	V
K330-3 (C)	10	39.0	39.0	1.0	IAC	IAC	V
K330-3 (C)	11	47.0	47.0	1.0	EVCAD.MEL	EVCAD	V
K330-3 (C)	12	55.0	55.0	1.0	PAC	PAC	V
K330-3 (C)	13	61.0	61.0	1.0	PAC	PAC	V
K330-3 (C)	14	68.2	68.0	2.0	PAC	PAC	V
K330-3 (C)	15	76.2	76.0	2.0	PAC	PAC	V
K330-3 (C)	16	86.0	86.0	1.0	HC	HC	I
K330-3 (C)	17	92.0	92.0	1.0	HC.PH	HC	I
K330-3 (C)	18	97.2	97.0	2.0	HC	HC	I
K330-3 (C)	19	99.2	99.0	2.0	HC	HC	I
K330-3 (C)	20	103.0	103.0	1.0	HC	HC	I
K330-3 (C)	21	105.2	105.0	2.0	HC	HC	I
K330-3 (C)	22	107.2	107.0	2.0	HC	HC	I
K330-3 (C)	23	111.0	111.0	1.0	PAC	PAC	I
K330-3 (C)	24	113.0	113.0	1.0	PAC	PAC	I
K330-3 (C)	25	115.0	115.0	1.0	PAC	PAC	I
K330-3 (C)	26	131.0	131.0	1.0	HC.CON	HC	I
K330-3 (C)	27	134.0	134.0	1.0	IAC	IAC	I
K330-3 (C)	28	138.0	138.0	1.0	IAC	IAC	I
K330-3 (C)	29	142.0	142.0	1.0	IAC	IAC	I
K330-3 (C)	30	146.0	146.0	1.0	EVCAD.MEL	EVCAD	I
K330-3 (C)	31	154.0	154.0	1.0	PAC	PAC	I
K330-3 (C)	32	160.0	160.0	1.0	PAC	PAC	I
K330-3 (C)	33	169.2	169.0	2.0	DEC	DEC	I
K330-3 (C)	34	171.0	171.0	1.0	PAC	PAC	I
K331-1 (A)	0	4.8	4.0	6.0	HC	HC	I
K331-1 (A)	1	8.5	8.0	4.0	PAC	PAC	I
K331-1 (A)	2	12.8	12.0	6.0	HC	HC	I
K331-1 (A)	3	16.8	16.0	6.0	DEC	DEC	I
K331-1 (A)	4	18.5	18.0	4.0	PAC	PAC	I
K331-1 (A)	5	22.5	22.0	4.0	HC	HC	I
K331-1 (A)	6	26.5	26.0	4.0	PAC	PAC	I
K331-1 (A)	7	30.8	30.0	6.0	HC.TEN	HC	I
K331-1 (A)	8	34.8	34.0	6.0	DEC	DEC	I
K331-1 (A)	9	36.5	36.0	4.0	PAC	PAC	I
K331-1 (A)	10	40.8	40.0	6.0	HC	HC	I
K331-1 (A)	11	44.5	44.0	4.0	PAC	PAC	I
K331-1 (A)	12	48.8	48.0	6.0	HC	HC	I
K331-1 (A)	13	52.8	52.0	6.0	DEC	DEC	I
K331-1 (A)	14	54.5	54.0	4.0	PAC	PAC	I
K331-1 (A)	15	58.8	58.0	6.0	HC	HC	i
K331-1 (A)	16	62.5	62.0	4.0	PAC	PAC	i
K331-1 (A)	17	66.8	66.0	6.0	HC	HC	i
K331-1 (A)	18	70.5	70.0	4.0	PAC	PAC	i
K331-1 (A)	19	72.5	72.0	4.0	PAC	PAC	i
K331-1 (A)	20	76.5	76.0	4.0	HC	HC	I
K331-1 (A)	21	80.5	80.0	4.0	PAC	PAC	I
K331-1 (A)	22	84.8	84.0	6.0	HC	HC	I
K331-1 (A)	23	88.8	88.0	6.0	DEC	DEC	I
K331-1 (A)	24	90.5	90.0	4.0	PAC	PAC	I
K331-1 (A)	25	94.5	94.0	4.0	HC	HC	I
K331-1 (A)	26	98.7	98.0	5.0	PAC	PAC	I
K331-1 (A)	27	100.7	100.0	5.0	HC	HC	IV
K331-1 (A)	28	102.7	102.0	5.0	HC	HC	I
K331-1 (A)	29	106.8	106.0	6.0	DEC	DEC	I
K331-1 (A)	30	108.8	108.0	6.0	PAC	PAC	I
K331-1 (A)	31	112.8	112.0	4.0	HC	HC	IV
K331-1 (A)	32	116.5	116.0	3.0	PAC	PAC	I
K331-1 (A)	33	120.5	120.0	3.0	HC	HC	IV
K331-1 (A)	34	124.8	124.0	4.0	DEC	DEC	I
K331-1 (A)	35	126.5	126.0	3.0	PAC	PAC	I
K331-1 (A)	36	132.5	132.0	3.0	PAC	PAC	I
K331-1 (A)	37	133.5	133.0	3.0	PAC	PAC	I
K331-1 (A)	38	134.5	134.0	3.0	PAC	PAC	I
K331-2 (A)	0	4.3	4.0	2.0	PAC	PAC	I
K331-2 (A)	1	10.3	10.0	2.0	PAC	PAC	I
K331-2 (A)	2	18.0	18.0	1.0	PAC	PAC	V
K331-2 (A)	3	30.0	30.0	1.0	HC.PH	HC	I
K331-2 (A)	4	34.3	34.0	2.0	PAC	PAC	I
K331-2 (A)	5	41.0	41.0	1.0	EVCAD.MEL	EVCAD	I
K331-2 (A)	6	48.0	48.0	1.0	PAC	PAC	I
K331-2 (A)	7	52.0	52.0	1.0	PAC	PAC	IV
K331-2 (A)	8	56.0	56.0	1.0	HC	HC	I
K331-2 (A)	9	60.0	60.0	1.0	PAC	PAC	I
K331-2 (A)	10	63.0	63.0	1.0	PAC	PAC	I
K331-2 (A)	11	64.0	64.0	1.0	PAC	PAC	I
K331-2 (A)	12	80.0	80.0	1.0	HC	HC	IV
K331-2 (A)	13	82.0	82.0	1.0	HC.PH	HC	IV
K331-2 (A)	14	92.0	92.0	1.0	HC	HC	IV
K331-2 (A)	15	96.0	96.0	1.0	IAC	IAC	IV
K331-2 (A)	16	98.0	98.0	1.0	IAC	IAC	IV
K331-2 (A)	17	99.0	99.0	1.0	PAC	PAC	IV
K331-2 (A)	18	100.0	100.0	1.0	PAC	PAC	IV
K331-3 (a)	0	8	8.0	1.0	PAC	PAC	v
K331-3 (a)	1	10	10.0	1.0	HC	HC	III
K331-3 (a)	2	12	12.0	1.0	HC	HC	III
K331-3 (a)	3	14	14.0	1.0	HC	HC	i
K331-3 (a)	4	16	16.0	1.0	HC	HC	i
K331-3 (a)	5	24	24.0	1.0	PAC	PAC	i
K331-3 (a)	6	28	28.0	1.0	HC.CON	HC	I
K331-3 (a)	7	32	32.0	1.0	PAC	PAC	I
K331-3 (a)	8	40	40.0	1.0	PAC	PAC	#iii
K331-3 (a)	9	44	44.0	1.0	HC	HC	I
K331-3 (a)	10	48	48.0	1.0	PAC	PAC	I
K331-3 (a)	11	56	56.0	1.0	PAC	PAC	#vi
K331-3 (a)	12	60	60.0	1.0	HC.CON	HC	I
K331-3 (a)	13	64	64.0	1.0	PAC	PAC	I
K331-3 (a)	14	72	72.0	1.0	PAC	PAC	v
K331-3 (a)	15	74	74.0	1.0	HC	HC	III
K331-3 (a)	16	76	76.0	1.0	HC	HC	III
K331-3 (a)	17	78	78.0	1.0	HC	HC	i
K331-3 (a)	18	80	80.0	1.0	HC	HC	i
K331-3 (a)	19	88	88.0	1.0	PAC	PAC	i
K331-3 (a)	20	92	92.0	1.0	HC.CON	HC	I
K331-3 (a)	21	96	96.0	1.0	PAC	PAC	I
K331-3 (a)	22	102	102.0	1.0	HC	HC	I
K331-3 (a)	23	109	109.0	1.0	PAC	PAC	I
K331-3 (a)	24	115	115.0	1.0	HC	HC	I
K331-3 (a)	25	122	122.0	1.0	PAC	PAC	I
K332-1 (F)	0	12.0	12.0	1.0	PAC	PAC	I
K332-1 (F)	1	16.3	16.0	2.0	IAC	IAC	I
K332-1 (F)	2	20.0	20.0	1.0	PAC	PAC	I
K332-1 (F)	3	37.0	37.0	1.0	HC.PH	HC	v
K332-1 (F)	4	44.7	44.0	3.0	IAC	IAC	V
K332-1 (F)	5	48.0	48.0	1.0	HC	HC	V
K332-1 (F)	6	52.7	52.0	3.0	IAC	IAC	V
K332-1 (F)	7	56.0	56.0	1.0	PAC	PAC	V
K332-1 (F)	8	67.0	67.0	1.0	HC	HC	v
K332-1 (F)	9	76.0	76.0	1.0	DEC	DEC	V
K332-1 (F)	10	82.0	82.0	1.0	EVCAD	EVCAD	V
K332-1 (F)	11	84.0	84.0	1.0	EVCAD	EVCAD	V
K332-1 (F)	12	86.0	86.0	1.0	PAC	PAC	V
K332-1 (F)	13	93.0	93.0	1.0	PAC	PAC	V
K332-1 (F)	14	95.7	95.0	3.0	HC	HC	V
K332-1 (F)	15	97.7	97.0	3.0	HC	HC	V
K332-1 (F)	16	101.0	101.0	1.0	PAC	PAC	V
K332-1 (F)	17	103.7	103.0	3.0	HC	HC	V
K332-1 (F)	18	105.7	105.0	3.0	HC	HC	V
K332-1 (F)	19	109.0	109.0	1.0	PAC	PAC	V
K332-1 (F)	20	123.0	123.0	1.0	HC.PH	HC	vi
K332-1 (F)	21	144.0	144.0	1.0	PAC	PAC	I
K332-1 (F)	22	148.3	148.0	2.0	IAC	IAC	I
K332-1 (F)	23	152.0	152.0	1.0	PAC	PAC	I
K332-1 (F)	24	173.0	173.0	1.0	HC	HC	I
K332-1 (F)	25	180.7	180.0	3.0	IAC	IAC	I
K332-1 (F)	26	184.0	184.0	1.0	HC	HC	IV
K332-1 (F)	27	188.7	188.0	3.0	IAC	IAC	I
K332-1 (F)	28	192.0	192.0	1.0	PAC	PAC	I
K332-1 (F)	29	203.0	203.0	1.0	HC	HC	i
K332-1 (F)	30	212.0	212.0	1.0	IAC	IAC	i
K332-1 (F)	31	218.0	218.0	1.0	EVCAD	EVCAD	i
K332-1 (F)	32	220.0	220.0	1.0	EVCAD	EVCAD	i
K332-1 (F)	33	222.0	222.0	1.0	PAC	PAC	i
K332-1 (F)	34	229.0	229.0	1.0	PAC	PAC	i
K332-2 (Bb)	0	4.8	4.0	4.0	HC	HC	I
K332-2 (Bb)	1	8.5	8.0	3.0	PAC	PAC	V
K332-2 (Bb)	2	12.5	12.0	3.0	IAC	IAC	V
K332-2 (Bb)	3	16.2	16.0	2.0	HC	HC	V
K332-2 (Bb)	4	19.0	19.0	1.0	PAC	PAC	V
K332-2 (Bb)	5	24.8	24.0	4.0	HC	HC	I
K332-2 (Bb)	6	28.5	28.0	3.0	PAC	PAC	v
K332-2 (Bb)	7	32.5	32.0	3.0	IAC	IAC	I
K332-2 (Bb)	8	36.2	36.0	2.0	HC	HC	I
K332-2 (Bb)	9	39.0	39.0	1.0	PAC	PAC	I
K332-2 (Bb)	10	40.8	40.0	4.0	PAC	PAC	I
K332-3 (F)	0	6.5	6.0	4.0	HC	HC	I
K332-3 (F)	1	14.5	14.0	4.0	PAC	PAC	I
K332-3 (F)	2	26.5	26.0	4.0	DEC	DEC	I
K332-3 (F)	3	32.0	32.0	1.0	PAC	PAC	I
K332-3 (F)	4	49.0	49.0	1.0	HC	HC	V
K332-3 (F)	5	57.5	57.0	4.0	HC	HC	v
K332-3 (F)	6	65.0	65.0	1.0	PAC	PAC	v
K332-3 (F)	7	74.0	74.0	1.0	PAC	PAC	V
K332-3 (F)	8	83.0	83.0	1.0	EVCAD	EVCAD	V
K332-3 (F)	9	85.0	85.0	1.0	PAC	PAC	V
K332-3 (F)	10	119.0	119.0	1.0	HC.CON	HC	IV
K332-3 (F)	11	127.0	127.0	1.0	PAC	PAC	IV
K332-3 (F)	12	139.0	139.0	1.0	HC.PH	HC	I
K332-3 (F)	13	153.5	153.0	4.0	HC	HC	I
K332-3 (F)	14	161.5	161.0	4.0	PAC	PAC	I
K332-3 (F)	15	173.0	173.0	1.0	HC.TEN	HC	IV
K332-3 (F)	16	184.0	184.0	1.0	HC.CON	HC	I
K332-3 (F)	17	192.5	192.0	4.0	HC.PH	HC	i
K332-3 (F)	18	200.0	200.0	1.0	PAC	PAC	I
K332-3 (F)	19	210.0	210.0	1.0	PAC	PAC	I
K332-3 (F)	20	220.0	220.0	1.0	EVCAD	EVCAD	I
K332-3 (F)	21	222.0	222.0	1.0	PAC	PAC	I
K332-3 (F)	22	232.0	232.0	1.0	PAC	PAC	I
K332-3 (F)	23	236.5	236.0	4.0	DEC	DEC	I
K332-3 (F)	24	242.0	242.0	1.0	PAC	PAC	I
K333-1 (Bb)	0	4.2	4.0	2.0	IAC	IAC	I
K333-1 (Bb)	1	10.0	10.0	1.0	PAC	PAC	I
K333-1 (Bb)	2	18.0	18.0	1.0	HC.CON	HC	V
K333-1 (Bb)	3	20.0	20.0	1.0	HC	HC	V
K333-1 (Bb)	4	22.0	22.0	1.0	HC	HC	V
K333-1 (Bb)	5	30.0	30.0	1.0	HC	HC	V
K333-1 (Bb)	6	38.0	38.0	1.0	PAC	PAC	V
K333-1 (Bb)	7	46.0	46.0	1.0	PAC	PAC	V
K333-1 (Bb)	8	50.0	50.0	1.0	PAC	PAC	V
K333-1 (Bb)	9	54.0	54.0	1.0	PAC	PAC	V
K333-1 (Bb)	10	59.0	59.0	1.0	PAC	PAC	V
K333-1 (Bb)	11	63.5	63.0	3.0	PAC	PAC	V
K333-1 (Bb)	12	71.0	71.0	1.0	PAC	PAC	v
K333-1 (Bb)	13	81.0	81.0	1.0	HC.PH	HC	vi
K333-1 (Bb)	14	83.0	83.0	1.0	HC.PH	HC	vi
K333-1 (Bb)	15	85.0	85.0	1.0	HC.PH	HC	vi
K333-1 (Bb)	16	97.2	97.0	2.0	IAC	IAC	I
K333-1 (Bb)	17	103.0	103.0	1.0	PAC	PAC	I
K333-1 (Bb)	18	114.0	114.0	1.0	HC.CON	HC	I
K333-1 (Bb)	19	116.0	116.0	1.0	HC	HC	I
K333-1 (Bb)	20	118.0	118.0	1.0	HC	HC	I
K333-1 (Bb)	21	126.0	126.0	1.0	HC.TEN	HC	I
K333-1 (Bb)	22	134.0	134.0	1.0	PAC	PAC	I
K333-1 (Bb)	23	142.0	142.0	1.0	PAC	PAC	I
K333-1 (Bb)	24	152.0	152.0	1.0	PAC	PAC	I
K333-1 (Bb)	25	156.0	156.0	1.0	PAC	PAC	I
K333-1 (Bb)	26	161.0	161.0	1.0	PAC	PAC	I
K333-1 (Bb)	27	165.5	165.0	3.0	PAC	PAC	I
K333-2 (Eb)	0	4.3	4.0	2.0	HC	HC	I
K333-2 (Eb)	1	6.7	6.0	3.0	DEC	DEC	I
K333-2 (Eb)	2	8.0	8.0	1.0	PAC	PAC	I
K333-2 (Eb)	3	13.3	13.0	2.0	HC.CON	HC	I
K333-2 (Eb)	4	21.0	21.0	1.0	PAC	PAC	V
K333-2 (Eb)	5	25.3	25.0	2.0	DEC	DEC	V
K333-2 (Eb)	6	29.0	29.0	1.0	PAC	PAC	V
K333-2 (Eb)	7	31.3	31.0	2.0	PAC	PAC	V
K333-2 (Eb)	8	35.3	35.0	2.0	PAC	PAC	ii
K333-2 (Eb)	9	43.0	43.0	1.0	PAC	PAC	IV
K333-2 (Eb)	10	48.0	48.0	1.0	HC.PH	HC	I
K333-2 (Eb)	11	54.3	54.0	2.0	HC	HC	I
K333-2 (Eb)	12	58.0	58.0	1.0	PAC	PAC	I
K333-2 (Eb)	13	63.3	63.0	2.0	HC.CON	HC	I
K333-2 (Eb)	14	71.0	71.0	1.0	PAC	PAC	I
K333-2 (Eb)	15	75.3	75.0	2.0	DEC	DEC	I
K333-2 (Eb)	16	79.0	79.0	1.0	PAC	PAC	I
K333-2 (Eb)	17	81.3	81.0	2.0	PAC	PAC	I
K333-2 (Eb)	18	82.7	82.0	3.0	PAC	PAC	I
K333-3 (Bb)	0	4.5	4.0	3.0	HC	HC	I
K333-3 (Bb)	1	8.0	8.0	1.0	PAC	PAC	I
K333-3 (Bb)	2	12.5	12.0	3.0	HC	HC	I
K333-3 (Bb)	3	16.0	16.0	1.0	PAC	PAC	I
K333-3 (Bb)	4	18.0	18.0	1.0	HC	HC	I
K333-3 (Bb)	5	20.0	20.0	1.0	IAC	IAC	I
K333-3 (Bb)	6	24.2	24.0	2.0	HC	HC	V
K333-3 (Bb)	7	32.0	32.0	1.0	DEC	DEC	V
K333-3 (Bb)	8	36.0	36.0	1.0	PAC	PAC	V
K333-3 (Bb)	9	44.5	44.0	3.0	HC	HC	I
K333-3 (Bb)	10	48.0	48.0	1.0	PAC	PAC	I
K333-3 (Bb)	11	52.5	52.0	3.0	HC	HC	I
K333-3 (Bb)	12	56.0	56.0	1.0	PAC	PAC	I
K333-3 (Bb)	13	58.0	58.0	1.0	HC	HC	I
K333-3 (Bb)	14	60.0	60.0	1.0	IAC	IAC	I
K333-3 (Bb)	15	64.0	64.0	1.0	HC.PH	HC	vi
K333-3 (Bb)	16	72.0	72.0	1.0	HC.PH	HC	vi
K333-3 (Bb)	17	76.0	76.0	1.0	PAC	PAC	IV
K333-3 (Bb)	18	89.0	89.0	1.0	DEC	DEC	IV
K333-3 (Bb)	19	90.8	90.0	4.0	HC	HC	IV
K333-3 (Bb)	20	103.0	103.0	1.0	HC.PH	HC	i
K333-3 (Bb)	21	115.5	115.0	3.0	HC	HC	I
K333-3 (Bb)	22	119.0	119.0	1.0	PAC	PAC	I
K333-3 (Bb)	23	123.5	123.0	3.0	HC	HC	I
K333-3 (Bb)	24	127.0	127.0	1.0	PAC	PAC	I
K333-3 (Bb)	25	129.0	129.0	1.0	HC	HC	I
K333-3 (Bb)	26	131.0	131.0	1.0	IAC	IAC	I
K333-3 (Bb)	27	144.0	144.0	1.0	HC.CON	HC	I
K333-3 (Bb)	28	156.0	156.0	1.0	DEC	DEC	I
K333-3 (Bb)	29	164.0	164.0	1.0	PAC	PAC	I
K333-3 (Bb)	30	179.0	179.0	1.0	HC.PH	HC	I
K333-3 (Bb)	31	202.5	202.0	3.0	HC	HC	I
K333-3 (Bb)	32	206.0	206.0	1.0	EVCAD	EVCAD	I
K333-3 (Bb)	33	209.0	209.0	1.0	EVCAD	EVCAD	I
K333-3 (Bb)	34	213.0	213.0	1.0	PAC	PAC	I
K333-3 (Bb)	35	222.0	222.0	1.0	PAC	PAC	I
K333-3 (Bb)	36	223.0	223.0	1.0	PAC	PAC	I
K457-1 (c)	0	19.0	19	1.0	PAC	PAC	i
K457-1 (c)	1	30.2	30	2.0	HC.TEN	HC	III
K457-1 (c)	2	48.0	48	1.0	DEC	DEC	III
K457-1 (c)	3	59.0	59	1.0	PAC	PAC	III
K457-1 (c)	4	63.0	63	1.0	PAC	PAC	III
K457-1 (c)	5	67.0	67	1.0	PAC	PAC	III
K457-1 (c)	6	69.0	69	1.0	PAC	PAC	III
K457-1 (c)	7	71.0	71	1.0	PAC	PAC	III
K457-1 (c)	8	118.0	118	1.0	PAC	PAC	i
K457-1 (c)	9	126.2	126	2.0	HC.TEN	HC	i
K457-1 (c)	10	145.0	145	1.0	PAC	PAC	i
K457-1 (c)	11	156.0	156	1.0	PAC	PAC	i
K457-1 (c)	12	160.0	160	1.0	PAC	PAC	i
K457-1 (c)	13	164.0	164	1.0	PAC	PAC	i
K457-1 (c)	14	176.0	176	1.0	PAC	PAC	i
K457-1 (c)	15	179.0	179	1.0	PAC	PAC	i
K457-1 (c)	16	182.0	182	1.0	PAC	PAC	i
K457-2 (Eb)	0	3.8	3	4.0	HC	HC	I
K457-2 (Eb)	1	7.5	7	3.0	PAC	PAC	I
K457-2 (Eb)	2	9.8	9	4.0	HC	HC	I
K457-2 (Eb)	3	13.5	13	3.0	PAC	PAC	V
K457-2 (Eb)	4	19.8	19	4.0	HC	HC	I
K457-2 (Eb)	5	23.5	23	3.0	PAC	PAC	I
K457-2 (Eb)	6	38.0	38	1.0	HC.PH	HC	vi
K457-2 (Eb)	7	43.8	43	4.0	HC	HC	I
K457-2 (Eb)	8	45.0	45	1.0	PAC	PAC	I
K457-2 (Eb)	9	47.5	47	3.0	PAC	PAC	I
K457-2 (Eb)	10	49.5	49	3.0	PAC	PAC	I
K457-2 (Eb)	11	54.0	54	1.0	PAC	PAC	I
K457-3 (c)	0	8.3	8	2.0	HC.TEN	HC	i
K457-3 (c)	1	16.0	16	1.0	PAC	PAC	i
K457-3 (c)	2	30.0	30	1.0	PAC	PAC	i
K457-3 (c)	3	44.0	44	1.0	PAC	PAC	i
K457-3 (c)	4	58.0	58	1.0	HC.PH	HC	III
K457-3 (c)	5	60.0	60	1.0	HC.PH	HC	III
K457-3 (c)	6	62.0	62	1.0	HC.PH	HC	III
K457-3 (c)	7	74.0	74	1.0	PAC	PAC	III
K457-3 (c)	8	82.0	82	1.0	PAC	PAC	III
K457-3 (c)	9	90.0	90	1.0	PAC	PAC	III
K457-3 (c)	10	111.3	111	2.0	HC.TEN	HC	i
K457-3 (c)	11	119.0	119	1.0	PAC	PAC	i
K457-3 (c)	12	133.0	133	1.0	PAC	PAC	i
K457-3 (c)	13	179.0	179	1.0	HC.PH	HC	i
K457-3 (c)	14	181.0	181	1.0	HC.PH	HC	i
K457-3 (c)	15	183.0	183	1.0	HC.PH	HC	i
K457-3 (c)	16	197.0	197	1.0	PAC	PAC	i
K457-3 (c)	17	205.0	205	1.0	PAC	PAC	i
K457-3 (c)	18	228.3	228	2.0	HC.TEN	HC	i
K457-3 (c)	19	248.0	248	1.0	PAC	PAC	i
K457-3 (c)	20	262.0	262	1.0	PAC	PAC	i
K457-3 (c)	21	287.0	287	1.0	PAC	PAC	i
K457-3 (c)	22	301.0	301	1.0	DEC	DEC	i
K457-3 (c)	23	309.0	309	1.0	PAC	PAC	i
K533-1 (F)	0	22.0	22.0	1.0	DEC	DEC	I
K533-1 (F)	1	41.0	41.0	1.0	HC.PH	HC	v
K533-1 (F)	2	45.2	45.0	2.0	HC	HC	V
K533-1 (F)	3	49.0	49.0	1.0	PAC	PAC	V
K533-1 (F)	4	53.2	53.0	2.0	HC	HC	V
K533-1 (F)	5	57.0	57.0	1.0	PAC	PAC	V
K533-1 (F)	6	65.0	65.0	1.0	HC.TEN	HC	V
K533-1 (F)	7	78.0	78.0	1.0	IAC	IAC	vi
K533-1 (F)	8	82.0	82.0	1.0	DEC	DEC	V
K533-1 (F)	9	89.0	89.0	1.0	PAC	PAC	V
K533-1 (F)	10	92.0	92.0	1.0	PAC	PAC	V
K533-1 (F)	11	95.0	95.0	1.0	PAC	PAC	V
K533-1 (F)	12	97.0	97.0	1.0	PAC	PAC	V
K533-1 (F)	13	99.0	99.0	1.0	PAC	PAC	V
K533-1 (F)	14	116.0	116.0	1.0	HC.PH	HC	vi
K533-1 (F)	15	168.0	168.0	1.0	HC.PH	HC	i
K533-1 (F)	16	172.2	172.0	2.0	HC	HC	I
K533-1 (F)	17	176.0	176.0	1.0	PAC	PAC	I
K533-1 (F)	18	180.2	180.0	2.0	HC	HC	I
K533-1 (F)	19	184.0	184.0	1.0	PAC	PAC	I
K533-1 (F)	20	211.0	211.0	1.0	IAC	IAC	ii
K533-1 (F)	21	219.0	219.0	1.0	DEC	DEC	I
K533-1 (F)	22	226.0	226.0	1.0	PAC	PAC	I
K533-1 (F)	23	229.0	229.0	1.0	PAC	PAC	I
K533-1 (F)	24	232.0	232.0	1.0	PAC	PAC	I
K533-1 (F)	25	234.0	234.0	1.0	PAC	PAC	I
K533-1 (F)	26	236.0	236.0	1.0	PAC	PAC	I
K533-2 (Bb)	0	10.3	10.0	2.0	HC	HC	I
K533-2 (Bb)	1	22.3	22.0	2.0	HC	HC	V
K533-2 (Bb)	2	33.0	33.0	1.0	PAC	PAC	V
K533-2 (Bb)	3	42.0	42.0	1.0	EVCAD.MEL	EVCAD	V
K533-2 (Bb)	4	44.0	44.0	1.0	EVCAD.MEL	EVCAD	V
K533-2 (Bb)	5	46.3	46.0	2.0	PAC	PAC	V
K533-2 (Bb)	6	82.3	82.0	2.0	HC	HC	I
K533-2 (Bb)	7	90.3	90.0	2.0	HC	HC	I
K533-2 (Bb)	8	101.0	101.0	1.0	PAC	PAC	I
K533-2 (Bb)	9	110.0	110.0	1.0	EVCAD.MEL	EVCAD	I
K533-2 (Bb)	10	112.0	112.0	1.0	EVCAD.MEL	EVCAD	I
K533-2 (Bb)	11	114.0	114.0	1.0	PAC	PAC	I
K533-2 (Bb)	12	117.0	117.0	1.0	DEC	DEC	I
K533-2 (Bb)	13	120.0	120.0	1.0	PAC	PAC	I
K533-3 (F)	0	6.5	6.0	3.0	HC.CON	HC	I
K533-3 (F)	1	12.5	12.0	3.0	PAC	PAC	I
K533-3 (F)	2	18.5	18.0	3.0	HC	HC	V
K533-3 (F)	3	26.5	26.0	3.0	IAC	IAC	V
K533-3 (F)	4	30.0	30.0	1.0	PAC	PAC	V
K533-3 (F)	5	44.5	44.0	3.0	HC.CON	HC	I
K533-3 (F)	6	50.5	50.0	3.0	PAC	PAC	I
K533-3 (F)	7	58.0	58.0	1.0	HC.PH	HC	vi
K533-3 (F)	8	67.0	67.0	1.0	PAC	PAC	vi
K533-3 (F)	9	79.0	79.0	1.0	HC.PH	HC	I
K533-3 (F)	10	88.5	88.0	3.0	HC.CON	HC	I
K533-3 (F)	11	94.5	94.0	3.0	PAC	PAC	I
K533-3 (F)	12	98.5	98.0	3.0	IAC	IAC	i
K533-3 (F)	13	102.5	102.0	3.0	PAC	PAC	bIII
K533-3 (F)	14	108.5	108.0	3.0	HC	HC	i
K533-3 (F)	15	116.0	116.0	1.0	PAC	PAC	I
K533-3 (F)	16	125.5	125.0	3.0	HC.CON	HC	I
K533-3 (F)	17	131.5	131.0	3.0	PAC	PAC	I
K533-3 (F)	18	139.5	139.0	3.0	IAC	IAC	I
K533-3 (F)	19	143.0	143.0	1.0	DEC	DEC	I
K533-3 (F)	20	147.0	147.0	1.0	DEC	DEC	I
K533-3 (F)	21	152.0	152.0	1.0	HC.PH	HC	I
K533-3 (F)	22	170.0	170.0	1.0	PAC	PAC	I
K533-3 (F)	23	180.0	180.0	1.0	EVCAD	EVCAD	I
K533-3 (F)	24	184.0	184.0	1.0	PAC	PAC	I
K545-1 (C)	0	11	11.0	1.0	HC.CON	HC	I
K545-1 (C)	1	26	26.0	1.0	PAC	PAC	V
K545-1 (C)	2	42	42.0	1.0	PAC	PAC	VI
K545-1 (C)	3	56	56.0	1.0	HC.CON	HC	I
K545-1 (C)	4	71	71.0	1.0	PAC	PAC	I
K545-2 (G)	0	8.3	8.0	2.0	HC	HC	I
K545-2 (G)	1	16.3	16.0	2.0	PAC	PAC	I
K545-2 (G)	2	24.3	24.0	2.0	PAC	PAC	V
K545-2 (G)	3	32.3	32.0	2.0	PAC	PAC	I
K545-2 (G)	4	40.3	40.0	2.0	PAC	PAC	bIII
K545-2 (G)	5	44.3	44.0	2.0	HC.PH	HC	i
K545-2 (G)	6	48.3	48.0	2.0	PAC	PAC	i
K545-2 (G)	7	56.3	56.0	2.0	HC	HC	I
K545-2 (G)	8	64.0	64.0	1.0	PAC	PAC	I
K545-2 (G)	9	68.0	68.0	1.0	PAC	PAC	I
K545-2 (G)	10	72.0	72.0	1.0	PAC	PAC	IV
K545-3 (C)	0	4	4.0	1.0	HC	HC	I
K545-3 (C)	1	8	8.0	1.0	PAC	PAC	I
K545-3 (C)	2	12	12.0	1.0	HC.CON	HC	V
K545-3 (C)	3	16	16.0	1.0	PAC	PAC	V
K545-3 (C)	4	24	24.0	1.0	HC	HC	I
K545-3 (C)	5	28	28.0	1.0	PAC	PAC	I
K545-3 (C)	6	36	36.0	1.0	HC.PH	HC	vi
K545-3 (C)	7	48	48.0	1.0	PAC	PAC	vi
K545-3 (C)	8	56	56.0	1.0	HC	HC	I
K545-3 (C)	9	60	60.0	1.0	PAC	PAC	I
K545-3 (C)	10	64	64.0	1.0	PAC	PAC	I
K545-3 (C)	11	68	68.0	1.0	PAC	PAC	I
K545-3 (C)	12	70	70.0	1.0	PAC	PAC	I
K545-3 (C)	13	72	72.0	1.0	PAC	PAC	I
K570-1 (Bb)	0	20	20.0	1.0	PAC	PAC	I
K570-1 (Bb)	1	34	34.0	1.0	HC	HC	II
K570-1 (Bb)	2	37	37.0	1.0	HC	HC	V
K570-1 (Bb)	3	39	39.0	1.0	HC	HC	V
K570-1 (Bb)	4	57	57.0	1.0	PAC	PAC	V
K570-1 (Bb)	5	65	65.0	1.0	EVCAD	EVCAD	V
K570-1 (Bb)	6	69	69.0	1.0	PAC	PAC	V
K570-1 (Bb)	7	73	73.0	1.0	PAC	PAC	V
K570-1 (Bb)	8	77	77.0	1.0	PAC	PAC	V
K570-1 (Bb)	9	90	90.0	1.0	HC	HC	ii
K570-1 (Bb)	10	95	95.0	1.0	HC.PH	HC	vi
K570-1 (Bb)	11	97	97.0	1.0	HC	HC	vi
K570-1 (Bb)	12	99	99.0	1.0	HC	HC	vi
K570-1 (Bb)	13	127	127.0	1.0	HC	HC	I
K570-1 (Bb)	14	129	129.0	1.0	HC	HC	I
K570-1 (Bb)	15	152	152.0	1.0	PAC	PAC	I
K570-1 (Bb)	16	167	167.0	1.0	HC	HC	I
K570-1 (Bb)	17	169	169.0	1.0	HC	HC	I
K570-1 (Bb)	18	187	187.0	1.0	PAC	PAC	I
K570-1 (Bb)	19	195	195.0	1.0	EVCAD	EVCAD	I
K570-1 (Bb)	20	199	199.0	1.0	PAC	PAC	I
K570-1 (Bb)	21	203	203.0	1.0	PAC	PAC	I
K570-1 (Bb)	22	207	207.0	1.0	PAC	PAC	I
K570-2 (Eb)	0	2.8	2.0	4.0	HC	HC	I
K570-2 (Eb)	1	4.8	4.0	4.0	PAC	PAC	I
K570-2 (Eb)	2	8.8	8.0	4.0	HC	HC	I
K570-2 (Eb)	3	10.8	10.0	4.0	HC	HC	I
K570-2 (Eb)	4	12.8	12.0	4.0	PAC	PAC	I
K570-2 (Eb)	5	14.8	14.0	4.0	HC	HC	vi
K570-2 (Eb)	6	16.5	16.0	3.0	PAC	PAC	iii
K570-2 (Eb)	7	20.8	20.0	4.0	HC	HC	vi
K570-2 (Eb)	8	22.8	22.0	4.0	HC	HC	vi
K570-2 (Eb)	9	24.5	24.0	3.0	PAC	PAC	vi
K570-2 (Eb)	10	29.8	29.0	4.0	HC	HC	I
K570-2 (Eb)	11	31.8	31.0	4.0	PAC	PAC	I
K570-2 (Eb)	12	35.5	35.0	3.0	PAC	PAC	I
K570-2 (Eb)	13	37.8	37.0	4.0	HC	HC	IV
K570-2 (Eb)	14	39.8	39.0	4.0	PAC	PAC	IV
K570-2 (Eb)	15	41.5	41.0	3.0	HC.TEN	HC	I
K570-2 (Eb)	16	45.8	45.0	4.0	HC	HC	I
K570-2 (Eb)	17	47.8	47.0	4.0	PAC	PAC	I
K570-2 (Eb)	18	51.8	51.0	4.0	DEC	DEC	I
K570-2 (Eb)	19	53.5	53.0	3.0	PAC	PAC	I
K570-3 (Bb)	0	4.8	4.0	4.0	HC	HC	I
K570-3 (Bb)	1	8.5	8.0	3.0	PAC	PAC	I
K570-3 (Bb)	2	10.5	10.0	3.0	HC.CON	HC	I
K570-3 (Bb)	3	18.8	18.0	4.0	HC	HC	I
K570-3 (Bb)	4	22.5	22.0	3.0	PAC	PAC	I
K570-3 (Bb)	5	30.8	30.0	4.0	PAC	PAC	V
K570-3 (Bb)	6	34.8	34.0	4.0	HC.TEN	HC	I
K570-3 (Bb)	7	42.8	42.0	4.0	PAC	PAC	I
K570-3 (Bb)	8	48.5	48.0	3.0	PAC	PAC	I
K570-3 (Bb)	9	52.0	52.0	1.0	HC	HC	IV
K570-3 (Bb)	10	56.5	56.0	3.0	PAC	PAC	IV
K570-3 (Bb)	11	66.8	66.0	4.0	HC	HC	I
K570-3 (Bb)	12	70.5	70.0	3.0	PAC	PAC	I
K570-3 (Bb)	13	78.8	78.0	4.0	DEC	DEC	I
K570-3 (Bb)	14	85.0	85.0	1.0	PAC	PAC	I
K576-1 (D)	0	4.5	4.0	4.0	HC	HC	I
K576-1 (D)	1	8.5	8.0	4.0	PAC	PAC	I
K576-1 (D)	2	12.5	12.0	4.0	HC	HC	I
K576-1 (D)	3	16.0	16.0	1.0	PAC	PAC	I
K576-1 (D)	4	26.0	26.0	1.0	HC.CON	HC	I
K576-1 (D)	5	41.0	41.0	1.0	PAC	PAC	V
K576-1 (D)	6	45.5	45.0	4.0	HC	HC	V
K576-1 (D)	7	53.0	53.0	1.0	PAC	PAC	V
K576-1 (D)	8	77.0	77.0	1.0	HC.PH	HC	vi
K576-1 (D)	9	102.5	102.0	4.0	HC	HC	I
K576-1 (D)	10	106.5	106.0	4.0	PAC	PAC	I
K576-1 (D)	11	120.0	120.0	1.0	HC.CON	HC	I
K576-1 (D)	12	125.5	125.0	4.0	HC	HC	I
K576-1 (D)	13	129.5	129.0	4.0	PAC	PAC	I
K576-1 (D)	14	133.5	133.0	4.0	HC	HC	I
K576-1 (D)	15	155.0	155.0	1.0	PAC	PAC	I
K576-2 (A)	0	4.3	4.0	2.0	HC	HC	I
K576-2 (A)	1	8.3	8.0	2.0	PAC	PAC	I
K576-2 (A)	2	16.3	16.0	2.0	PAC	PAC	I
K576-2 (A)	3	20.0	20.0	1.0	HC.PH	HC	vi
K576-2 (A)	4	24.0	24.0	1.0	PAC	PAC	IV
K576-2 (A)	5	31.0	31.0	1.0	HC.PH	HC	vi
K576-2 (A)	6	35.0	35.0	1.0	HC.PH	HC	vi
K576-2 (A)	7	39.0	39.0	1.0	PAC	PAC	vi
K576-2 (A)	8	47.3	47.0	2.0	HC	HC	I
K576-2 (A)	9	51.3	51.0	2.0	HC	HC	IV
K576-2 (A)	10	59.0	59.0	1.0	PAC	PAC	I
K576-2 (A)	11	62.0	62.0	1.0	PAC	PAC	I
K576-2 (A)	12	65.0	65.0	1.0	PAC	PAC	I
K576-3 (D)	0	8.2	8.0	2.0	PAC	PAC	I
K576-3 (D)	1	16.0	16.0	1.0	PAC	PAC	I
K576-3 (D)	2	23.0	23.0	1.0	HC	HC	I
K576-3 (D)	3	34.0	34.0	1.0	HC.PH	HC	V
K576-3 (D)	4	50.0	50.0	1.0	PAC	PAC	V
K576-3 (D)	5	54.0	54.0	1.0	HC.CON	HC	V
K576-3 (D)	6	58.0	58.0	1.0	PAC	PAC	V
K576-3 (D)	7	72.2	72.0	2.0	PAC	PAC	I
K576-3 (D)	8	80.0	80.0	1.0	PAC	PAC	I
K576-3 (D)	9	92.0	92.0	1.0	HC.CON	HC	bIII
K576-3 (D)	10	114.0	114.0	1.0	HC.CON	HC	I
K576-3 (D)	11	125.0	125.0	1.0	HC.PH	HC	I
K576-3 (D)	12	141.0	141.0	1.0	PAC	PAC	I
K576-3 (D)	13	145.0	145.0	1.0	HC.CON	HC	I
K576-3 (D)	14	149.0	149.0	1.0	PAC	PAC	I
K576-3 (D)	15	155.0	155.0	1.0	HC.CON	HC	I
K576-3 (D)	16	170.2	170.0	2.0	PAC	PAC	I
K576-3 (D)	17	178.0	178.0	1.0	EVCAD	EVCAD	I
K576-3 (D)	18	181.0	181.0	1.0	EVCAD	EVCAD	I
K576-3 (D)	19	184.0	184.0	1.0	PAC	PAC	I
